cdr_id,customer_id,call_type,origin_number,destination_number,cell_tower_id,call_start_ts,call_end_ts,duration_seconds,data_volume_mb,roaming_flag,region
022b438f-5fc2-47c5-b243-a7b6e69d7adb,CUST0000197,VOICE,1485524578715,1560821371184,TWR00027,2026-08-29 14:46:40,2026-08-29 14:52:27,347,0,N,EAST
97318a5e-8ae8-40ef-900d-f122d226e034,CUST0000028,DATA,5476818268323,3589298808583,TWR00060,2026-08-29 03:03:10,2026-08-29 03:03:10,0,199.974,N,SOUTH
c30948f1-213d-48d7-9318-7409e5593933,CUST0000195,DATA,5212932896340,4686775240148,TWR00019,2026-08-29 12:30:16,2026-08-29 12:30:16,0,265.691,N,EAST
e058f205-b5d3-4499-9e7f-25a003ca9be9,CUST0000230,SMS,3991062272362,6933513426192,TWR00006,2026-08-29 10:33:43,2026-08-29 10:33:43,0,0,N,EAST
c803a805-41fc-49a6-8406-4ec8a794e93d,CUST0000222,DATA,7245018481973,4189721540641,TWR00043,2026-08-29 20:54:17,2026-08-29 20:54:17,0,135.893,N,EAST
7c85302a-f86b-4063-a8c6-adb88ef2661d,CUST0000300,SMS,6927438119953,6601444856451,TWR00094,2026-08-29 21:47:15,2026-08-29 21:47:15,0,0,N,SOUTH
f58f7e57-4d75-4ecd-a278-7cfbfad53543,CUST0000267,VOICE,1739739641789,9860919191135,TWR00002,2026-08-29 22:11:20,2026-08-29 22:30:06,1126,0,N,NORTH
ac6aa55d-49e0-409e-9dbc-7e258d08fddc,CUST0000007,SMS,6057798066039,0514607455534,TWR00058,2026-08-29 16:06:43,2026-08-29 16:06:43,0,0,N,EAST
6f5e182d-8a2e-4b10-a008-7c37ece3f756,CUST0000129,VOICE,0574238856527,5598354116597,TWR00077,2026-08-29 00:39:05,2026-08-29 00:41:06,121,0,N,SOUTH
57407cde-e58b-4ffd-8cd1-f235e47bada7,CUST0000063,DATA,6347557522501,9488488269131,TWR00078,2026-08-29 03:05:54,2026-08-29 03:05:54,0,65.824,N,SOUTH
ad8e00df-7cfe-4038-82fb-a3dfb9adc359,CUST0000057,DATA,9642585626149,5370382407333,TWR00085,2026-08-29 08:18:29,2026-08-29 08:18:29,0,468.155,N,EAST
6bdac070-60f6-4eac-b61d-f600f409b553,CUST0000219,DATA,7320430977688,6289696454655,TWR00042,2026-08-29 21:49:49,2026-08-29 21:49:49,0,129.411,N,EAST
2965342d-3d5f-4d5a-9dbc-3d2fad032060,CUST0000032,SMS,5851253892187,1935837490797,TWR00105,2026-08-29 10:03:16,2026-08-29 10:03:16,0,0,N,WEST
b5762ba9-d4bd-4e3d-9d30-c6219ee964f0,CUST0000036,SMS,9612087805721,1494097626374,TWR00023,2026-08-29 06:39:25,2026-08-29 06:39:25,0,0,N,NORTH
17f75a21-4ed4-4cad-a177-a0b26ed91884,CUST0000074,SMS,5398628950905,1918623392207,TWR00083,2026-08-29 13:13:39,2026-08-29 13:13:39,0,0,N,WEST
4594dc22-8e97-42b5-a550-4e0487887b61,CUST0000133,VOICE,5116966672521,5264712463351,TWR00033,2026-08-29 02:04:36,2026-08-29 02:29:31,1495,0,N,NORTH
acf1c56c-615f-454a-b890-ffffb901e6d7,CUST0000255,VOICE,7184090805120,0564099512397,TWR00086,2026-08-29 20:00:59,2026-08-29 20:02:21,82,0,N,SOUTH
f408f724-11b5-47ac-a32d-f1a368e3b40e,CUST0000169,DATA,8351295927282,0908144152982,TWR00091,2026-08-29 18:00:32,2026-08-29 18:00:32,0,470.016,N,WEST
bdee1847-ae58-4ebb-abd1-ba0d6ea74e9b,CUST0000207,DATA,7392957867181,3523736050791,TWR00001,2026-08-29 02:34:14,2026-08-29 02:34:14,0,192.828,N,WEST
e7c79368-6365-49bb-a3a6-be35a6c32a08,CUST0000063,SMS,5899886834527,4666617071587,TWR00039,2026-08-29 11:21:43,2026-08-29 11:21:43,0,0,N,NORTH
9204768a-0300-4143-803f-251a83d84fc4,CUST0000188,SMS,4740803149982,0800463580688,TWR00059,2026-08-29 10:05:53,2026-08-29 10:05:53,0,0,N,EAST
45678191-1ccf-484b-bbff-c4c207229e21,CUST0000104,VOICE,8503172351373,0631403526356,TWR00039,2026-08-29 01:24:42,2026-08-29 01:31:18,396,0,N,NORTH
67569e21-dca7-4e9b-b584-07271297496a,CUST0000184,SMS,2293946943460,6643749060723,TWR00025,2026-08-29 20:28:47,2026-08-29 20:28:47,0,0,N,SOUTH
1bf71755-f845-44fe-8aca-0a4aaa40c107,CUST0000013,DATA,1127128524648,4941163187328,TWR00050,2026-08-29 18:15:31,2026-08-29 18:15:31,0,32.433,N,EAST
402edd74-d665-4fa1-8b77-cfe364d685df,CUST0000256,SMS,7711306211369,7279083350902,TWR00044,2026-08-29 14:01:02,2026-08-29 14:01:02,0,0,N,NORTH
f03dac6b-4f32-4c8d-9384-2915918da115,CUST0000208,VOICE,4257306624813,3570713984822,TWR00087,2026-08-29 20:42:33,2026-08-29 20:58:16,943,0,N,SOUTH
fb5c0c23-4852-40e8-b48e-4fbd7ff08051,CUST0000297,VOICE,0116880925502,3060906913098,TWR00063,2026-08-29 02:02:47,2026-08-29 02:07:41,294,0,N,WEST
c6497f30-3f49-4bc9-807d-12c813652971,CUST0000024,VOICE,0796496737945,7278532426425,TWR00081,2026-08-29 20:08:00,2026-08-29 20:13:57,357,0,N,EAST
13bfd338-c8b1-4232-8575-e3c4dc7bf204,CUST0000050,SMS,6420768362536,6777675556283,TWR00009,2026-08-29 05:53:37,2026-08-29 05:53:37,0,0,N,NORTH
589a9166-a60a-49ce-906a-8e38e57eccb1,CUST0000059,SMS,3393957865436,7187496033582,TWR00103,2026-08-29 19:14:04,2026-08-29 19:14:04,0,0,N,EAST
594f9b2e-582f-4635-a38d-6a1048dc8709,CUST0000206,VOICE,8627036924926,2657327599801,TWR00042,2026-08-29 21:36:34,2026-08-29 21:41:20,286,0,N,SOUTH
4366564e-375e-4f64-b6fb-be21785c3516,CUST0000024,SMS,1000515532341,9597752441822,TWR00036,2026-08-29 10:04:07,2026-08-29 10:04:07,0,0,N,WEST
858d4dbf-91af-4470-a548-e095cf223847,CUST0000087,DATA,6189628874312,1026767209579,TWR00032,2026-08-29 17:10:28,2026-08-29 17:10:28,0,462.912,N,NORTH
daf614b6-df1f-4182-b67c-cf7b9ffbcc49,CUST0000193,DATA,7079551512294,2135415970996,TWR00011,2026-08-29 00:56:31,2026-08-29 00:56:31,0,4.168,N,NORTH
42ab0746-b1d6-47c0-991e-872e1b8b58e0,CUST0000146,SMS,5438480752034,7650471580290,TWR00027,2026-08-29 15:44:08,2026-08-29 15:44:08,0,0,N,EAST
2a9d51ef-f90a-4214-8305-140b2a2344b4,CUST0000268,SMS,4637660465586,5254837441715,TWR00089,2026-08-29 07:11:39,2026-08-29 07:11:39,0,0,N,SOUTH
b2c615a7-e7aa-4723-aba1-aef6a979e52e,CUST0000256,DATA,0213125129311,0591297519102,TWR00101,2026-08-29 02:40:52,2026-08-29 02:40:52,0,151.299,N,SOUTH
40e1e2fa-a04b-451e-966d-3befa93bc8a5,CUST0000099,VOICE,1211063301658,7379274907280,TWR00111,2026-08-29 16:06:39,2026-08-29 16:19:05,746,0,N,SOUTH
f6d0d4fe-af4a-42ef-8099-7ad67253b175,CUST0000238,DATA,2342893113253,6949684364538,TWR00007,2026-08-29 21:13:17,2026-08-29 21:13:17,0,97.666,N,WEST
d015166e-6799-4413-b882-dcacf4dfcadd,CUST0000255,VOICE,4421017509617,1595919457575,TWR00083,2026-08-29 21:59:02,2026-08-29 22:00:57,115,0,N,SOUTH
52856021-c912-4e19-ae3a-57e5322c8ad8,CUST0000223,VOICE,4758339205677,6777226602562,TWR00059,2026-08-29 19:51:56,2026-08-29 20:17:54,1558,0,N,NORTH
51c29210-d804-48fa-b7bb-d127d198aaf3,CUST0000276,VOICE,5062292310672,5307624843379,TWR00010,2026-08-29 00:31:32,2026-08-29 00:35:34,242,0,N,WEST
6ff35f08-b71c-481d-aaed-ffb99fd29cb0,CUST0000297,VOICE,6627051157942,8736704254969,TWR00030,2026-08-29 06:47:43,2026-08-29 06:58:55,672,0,N,EAST
8c7f5e4d-65d2-482a-a3d1-bf92d2f682f1,CUST0000117,VOICE,9284552597107,6335357485953,TWR00049,2026-08-29 23:26:55,2026-08-29 23:33:49,414,0,N,NORTH
39a6534f-4192-4c1d-b2ef-e227f1034281,CUST0000242,SMS,5939933797058,6295187794176,TWR00019,2026-08-29 01:56:27,2026-08-29 01:56:27,0,0,N,WEST
47a6b436-2932-4e85-a086-a5b0223d9719,CUST0000092,SMS,4250733055978,4575983399140,TWR00025,2026-08-29 04:29:46,2026-08-29 04:29:46,0,0,N,EAST
d0596d90-c12e-4227-bcdf-5ebc011fc46e,CUST0000104,VOICE,8843660443240,6157276829751,TWR00036,2026-08-29 01:44:36,2026-08-29 01:46:43,127,0,N,WEST
3bfff840-2078-4249-aa0b-f309031744ea,CUST0000235,SMS,7439742925010,8752568065625,TWR00038,2026-08-29 10:14:56,2026-08-29 10:14:56,0,0,N,SOUTH
1cf352bf-55f0-41b2-bae3-bb684836915d,CUST0000296,DATA,4599080271122,8231555165176,TWR00110,2026-08-29 07:05:26,2026-08-29 07:05:26,0,261.363,N,SOUTH
6a184d19-e29a-4b6c-a603-4838e20ade33,CUST0000243,DATA,8662813721433,8003700332285,TWR00055,2026-08-29 08:00:46,2026-08-29 08:00:46,0,368.353,N,EAST
add240a9-010e-4e5f-9a89-193f15541708,CUST0000223,SMS,6608470681039,3397051958263,TWR00074,2026-08-29 18:09:58,2026-08-29 18:09:58,0,0,N,WEST
dda3f86d-de82-44f3-87c6-346d53f081ea,CUST0000023,VOICE,8094485862394,3546147079863,TWR00005,2026-08-29 15:46:49,2026-08-29 16:04:06,1037,0,N,WEST
4f3e7582-fa00-465c-920c-efd58be637cb,CUST0000246,DATA,1061339439457,3943804032537,TWR00058,2026-08-29 22:52:06,2026-08-29 22:52:06,0,248.147,N,NORTH
9487e835-c38e-440d-9e08-ccf8ef644b70,CUST0000209,DATA,5769277894319,0090040476921,TWR00031,2026-08-29 04:22:18,2026-08-29 04:22:18,0,324.172,N,WEST
2b77498b-e888-4554-a992-2114bf8d58b6,CUST0000157,VOICE,5336514604014,4731072011379,TWR00075,2026-08-29 14:54:36,2026-08-29 15:20:11,1535,0,Y,WEST
09f19e79-3878-46a4-80ea-822762b87e00,CUST0000238,DATA,4097123166007,7620901447340,TWR00102,2026-08-29 22:25:11,2026-08-29 22:25:11,0,435.904,N,NORTH
703fc3ff-39b2-4204-bd2b-9f6a9e54c605,CUST0000037,SMS,3370096873045,9577825588255,TWR00005,2026-08-29 22:21:33,2026-08-29 22:21:33,0,0,N,EAST
92b13760-9c12-4006-96e0-2750624c31dd,CUST0000278,SMS,2965754278656,9425577820582,TWR00011,2026-08-29 06:50:43,2026-08-29 06:50:43,0,0,N,EAST
a93be0c3-d63a-4961-b9a9-f478dc510d19,CUST0000029,SMS,8292361618808,9048235715586,TWR00007,2026-08-29 21:23:56,2026-08-29 21:23:56,0,0,N,EAST
a6f33cee-4522-4740-ae98-2bb4218d509e,CUST0000239,DATA,3956137230817,1436438130004,TWR00083,2026-08-29 11:23:11,2026-08-29 11:23:11,0,279.836,N,SOUTH
92c16dae-fc37-4b64-b2e3-6404f59fb387,CUST0000071,DATA,3211471656094,6534699799070,TWR00084,2026-08-29 07:34:07,2026-08-29 07:34:07,0,239.768,N,SOUTH
8dbfbbd2-235f-4d1a-87f1-2beecc86cdfc,CUST0000116,VOICE,5504768169957,6071748113176,TWR00036,2026-08-29 08:32:43,2026-08-29 08:47:14,871,0,N,EAST
f5de694a-868e-4e15-9439-d9ae00eb54dd,CUST0000177,SMS,3970548739610,9087182749680,TWR00016,2026-08-29 16:33:53,2026-08-29 16:33:53,0,0,N,EAST
73503d72-8930-4c26-85b9-86bce15794cb,CUST0000232,DATA,9187274204956,2137730626042,TWR00114,2026-08-29 21:44:51,2026-08-29 21:44:51,0,33.748,N,WEST
befd643d-7a8f-406f-a6ba-11474ad0b115,CUST0000045,VOICE,5973711222990,7560858167046,TWR00022,2026-08-29 05:18:04,2026-08-29 05:21:52,228,0,N,SOUTH
6e79e19f-4056-402a-9e0e-4e346304ef42,CUST0000255,VOICE,1114576832102,9237858471296,TWR00038,2026-08-29 06:33:40,2026-08-29 06:34:31,51,0,N,SOUTH
c818dbba-fcb5-4ada-bf16-77c59aa92d2d,CUST0000243,VOICE,8033242605080,8498042537337,TWR00038,2026-08-29 14:47:41,2026-08-29 14:48:29,48,0,N,NORTH
d0efc154-c6e4-46f0-9aaa-1ff88b4fa0bf,CUST0000119,DATA,7312688122821,8192365346060,TWR00053,2026-08-29 16:41:21,2026-08-29 16:41:21,0,289.774,N,EAST
b1776915-aa08-4acf-bfec-7831ccdf96ee,CUST0000249,SMS,6035679327986,3984716906181,TWR00071,2026-08-29 22:33:53,2026-08-29 22:33:53,0,0,N,EAST
bebea667-2370-40fe-82a0-249b9ef3c538,CUST0000291,VOICE,0546475489547,6989992751758,TWR00030,2026-08-29 09:10:50,2026-08-29 09:19:47,537,0,N,EAST
c9deaeb7-7215-491a-8729-79514260d726,CUST0000025,VOICE,4444983553935,3586449639243,TWR00119,2026-08-29 09:29:10,2026-08-29 09:50:21,1271,0,N,EAST
f9ec7316-6a30-4491-a6d6-bcdc636f3273,CUST0000094,DATA,8853798214339,2753674978524,TWR00086,2026-08-29 22:44:57,2026-08-29 22:44:57,0,397.434,N,NORTH
c716d0b0-0e1a-41ff-8b84-f3d52c037df9,CUST0000022,DATA,4168601347789,8963406791766,TWR00034,2026-08-29 18:08:28,2026-08-29 18:08:28,0,185.466,N,NORTH
2a99e327-6535-4450-9d46-454684d4528b,CUST0000163,DATA,1221500141884,1630900159446,TWR00070,2026-08-29 04:23:28,2026-08-29 04:23:28,0,487.757,N,NORTH
2472174f-c899-4e0c-ae66-f3cee36595c6,CUST0000013,SMS,3399948532089,3263890219947,TWR00059,2026-08-29 15:49:09,2026-08-29 15:49:09,0,0,N,SOUTH
b006fae9-347e-422c-b4c2-22d17f96e167,CUST0000003,DATA,1363379223410,4699673311677,TWR00083,2026-08-29 17:32:21,2026-08-29 17:32:21,0,353.02,N,EAST
cf065164-2945-48a2-8c8d-fd7372730126,CUST0000294,DATA,6960843768550,8967935219626,TWR00119,2026-08-29 18:46:58,2026-08-29 18:46:58,0,221.611,N,WEST
29981f6b-a052-48bb-aecf-34830e5b0ccc,CUST0000021,VOICE,3556434369709,1706955607676,TWR00052,2026-08-29 17:07:19,2026-08-29 17:08:14,55,0,N,SOUTH
cc55d2c3-3c17-4859-bb20-1fbcf3cc69a8,CUST0000229,SMS,6453454722398,0650312198041,TWR00083,2026-08-29 10:03:38,2026-08-29 10:03:38,0,0,N,SOUTH
bfd0b60d-e74c-4f63-8a66-4527b233387f,CUST0000143,VOICE,7242642364281,1909248762303,TWR00087,2026-08-29 02:34:54,2026-08-29 02:50:11,917,0,N,NORTH
a13fa0cb-b114-4dbc-9d48-6c0160fe1b29,CUST0000263,SMS,1142817852282,0524808806220,TWR00078,2026-08-29 15:20:38,2026-08-29 15:20:38,0,0,N,NORTH
15ec7f67-55cb-446c-85b1-e6da240ceca1,CUST0000185,SMS,2239594737213,9016204787688,TWR00048,2026-08-29 22:54:27,2026-08-29 22:54:27,0,0,N,NORTH
51a1c238-5f1d-4750-a750-b909e802998c,CUST0000146,VOICE,8785996486287,0319541966645,TWR00012,2026-08-29 09:28:55,2026-08-29 09:48:08,1153,0,N,WEST
3e54abe5-436e-4786-8e05-655434d04c42,CUST0000213,DATA,5730362792463,0374767753726,TWR00094,2026-08-29 09:10:51,2026-08-29 09:10:51,0,485.21,N,WEST
d1378836-f797-4656-9cc7-370f1856f3f4,CUST0000072,DATA,3214505766194,8870715534820,TWR00027,2026-08-29 19:05:09,2026-08-29 19:05:09,0,152.312,N,EAST
268086e0-1d14-4489-9974-3f520e9a392e,CUST0000034,DATA,2840083850765,5954508917768,TWR00012,2026-08-29 18:48:24,2026-08-29 18:48:24,0,4.303,N,EAST
0df31735-9f1c-458c-afec-fd70a9fc98b3,CUST0000213,VOICE,8981265742231,4630040236936,TWR00118,2026-08-29 14:45:36,2026-08-29 15:11:27,1551,0,N,SOUTH
38c02491-e54d-4a8a-9ab2-150aef59cc2a,CUST0000196,VOICE,6894301204713,2711759574988,TWR00039,2026-08-29 15:02:52,2026-08-29 15:31:09,1697,0,N,EAST
c4c8f937-0c00-40e5-b9d9-7b31300fc388,CUST0000253,SMS,5829849330674,8476094412833,TWR00102,2026-08-29 14:14:01,2026-08-29 14:14:01,0,0,Y,EAST
8ecd1ed0-c04f-446f-8999-c82f771c5ff8,CUST0000154,DATA,7218856669541,2971506662670,TWR00084,2026-08-29 20:30:07,2026-08-29 20:30:07,0,333.291,N,SOUTH
f42ee268-f259-4a65-a182-3f1e30a0e31c,CUST0000252,DATA,5143776936634,9252959611110,TWR00016,2026-08-29 20:15:01,2026-08-29 20:15:01,0,382.594,N,NORTH
a3032a3e-f235-414e-b46c-fb2ecde99710,CUST0000186,SMS,8671200720245,9102451091090,TWR00034,2026-08-29 18:27:55,2026-08-29 18:27:55,0,0,N,WEST
a396d816-65da-4827-afbe-bfc9765432a9,CUST0000062,SMS,2671494981942,7942817934065,TWR00109,2026-08-29 23:36:01,2026-08-29 23:36:01,0,0,N,NORTH
1c6b3dc2-171f-478a-ba95-093cbdb4193d,CUST0000075,VOICE,7758446634533,2201091217221,TWR00007,2026-08-29 22:08:22,2026-08-29 22:14:01,339,0,N,WEST
ca4032d3-c185-46f1-a158-425390933eac,CUST0000183,VOICE,5593766189437,5263510046277,TWR00066,2026-08-29 09:33:40,2026-08-29 09:36:22,162,0,N,SOUTH
d221c024-a9a6-4b63-9e51-4647566635e0,CUST0000049,SMS,5725659202461,5202389743260,TWR00112,2026-08-29 05:34:20,2026-08-29 05:34:20,0,0,N,EAST
38a08c8f-3bc9-4447-a449-0e7cfbd80206,CUST0000139,DATA,5595501783325,8689993607984,TWR00069,2026-08-29 22:23:06,2026-08-29 22:23:06,0,290.443,N,NORTH
c19ac423-6b37-4317-b7c1-ea1212b9946d,CUST0000071,SMS,0450691767993,9374403946408,TWR00053,2026-08-29 11:49:31,2026-08-29 11:49:31,0,0,N,SOUTH
a89b3d46-bc89-45d5-9298-fa303a50d882,CUST0000053,VOICE,0373606014886,8490793884136,TWR00102,2026-08-29 16:14:53,2026-08-29 16:21:23,390,0,N,NORTH
19202943-fee3-4c00-8aad-6f020bbb93d9,CUST0000214,SMS,2830615370124,4462632514488,TWR00017,2026-08-29 02:07:52,2026-08-29 02:07:52,0,0,N,WEST
f41ee669-9d05-4888-8564-b7160e956fa3,CUST0000179,VOICE,1210314217518,8179415152638,TWR00114,2026-08-29 11:08:52,2026-08-29 11:24:02,910,0,N,EAST
b8a5812a-ed20-4ad1-8053-79a50c4fa660,CUST0000089,DATA,0911225288375,5661863239791,TWR00016,2026-08-29 00:47:52,2026-08-29 00:47:52,0,111.957,N,SOUTH
9966aed7-5ebc-4292-9aa5-c9e1471a1909,CUST0000117,VOICE,7876553007309,0556057121988,TWR00089,2026-08-29 06:08:05,2026-08-29 06:22:40,875,0,N,NORTH
43602829-d8c2-47c5-915a-c4e4bfadbafe,CUST0000040,VOICE,9277885190534,4010424624561,TWR00026,2026-08-29 15:48:27,2026-08-29 15:49:59,92,0,N,NORTH
f3320b51-06d0-4825-83b9-74b24582269d,CUST0000241,VOICE,1744600452128,5114551293913,TWR00086,2026-08-29 08:02:04,2026-08-29 08:12:26,622,0,Y,NORTH
b37a99d2-083f-41d4-8b50-19b9c9f7dc40,CUST0000064,DATA,4488189848416,4615402119017,TWR00026,2026-08-29 06:37:57,2026-08-29 06:37:57,0,93.206,N,NORTH
74d1d623-c891-4808-aa05-07b887b742d9,CUST0000075,DATA,7568142983152,9107322836084,TWR00046,2026-08-29 08:37:22,2026-08-29 08:37:22,0,81.118,N,SOUTH
ca6eee0d-808d-411c-ba7c-9be7c9379b30,CUST0000259,SMS,7830639638452,9694439164970,TWR00098,2026-08-29 03:52:37,2026-08-29 03:52:37,0,0,Y,SOUTH
0ac9b9e5-2e75-45c4-a222-d119e123bd19,CUST0000099,DATA,6934292913203,0162341903106,TWR00069,2026-08-29 05:57:48,2026-08-29 05:57:48,0,3.16,N,SOUTH
9fbd8c1a-fd50-4b14-8c2b-b03a2ca639c9,CUST0000259,DATA,5372215566847,2365337746040,TWR00076,2026-08-29 15:23:44,2026-08-29 15:23:44,0,93.378,N,NORTH
9adbf38d-ec6f-41bb-83af-13e78d6e9b62,CUST0000093,DATA,7200784361424,2607819754373,TWR00066,2026-08-29 12:27:13,2026-08-29 12:27:13,0,114.55,N,EAST
9567be4c-b17d-496b-bff1-c2efc459c32f,CUST0000064,SMS,7642737203763,1458414846019,TWR00098,2026-08-29 16:08:31,2026-08-29 16:08:31,0,0,N,EAST
e5a47d38-5799-4d30-895a-edec5bf76745,CUST0000286,DATA,3443899827802,5869507321464,TWR00015,2026-08-29 02:20:31,2026-08-29 02:20:31,0,193.006,N,EAST
2cbd2f98-45ac-4fc0-9bfb-24a76bef93bc,CUST0000228,VOICE,9369995167933,0557385736801,TWR00025,2026-08-29 13:18:54,2026-08-29 13:33:35,881,0,N,WEST
2d7f4ecf-bac8-4fab-a971-b99542351bec,CUST0000189,VOICE,9236037681187,3335104096149,TWR00051,2026-08-29 21:31:43,2026-08-29 21:35:23,220,0,N,NORTH
2b33da0a-0d13-411e-8c69-cefe461fad2b,CUST0000062,VOICE,3153911498307,8207365118939,TWR00095,2026-08-29 12:44:37,2026-08-29 12:48:10,213,0,N,SOUTH
0beaa1a6-5026-46bc-854b-301d43a40b4e,CUST0000034,SMS,0655782019043,2302333247073,TWR00077,2026-08-29 06:21:12,2026-08-29 06:21:12,0,0,N,WEST
83b2edda-9aa3-446e-889a-57fa4cccff2a,CUST0000063,VOICE,0135462127602,0826112312616,TWR00098,2026-08-29 13:46:31,2026-08-29 13:56:06,575,0,N,EAST
3073e324-ec10-4e8e-9640-0bbe54d071a3,CUST0000205,SMS,2488899572989,7629745493036,TWR00063,2026-08-29 21:38:25,2026-08-29 21:38:25,0,0,N,SOUTH
cc6f6f10-c5ec-4521-a82f-ed9122ee3bad,CUST0000233,VOICE,6871912038187,9208283230898,TWR00081,2026-08-29 08:31:31,2026-08-29 08:39:28,477,0,N,NORTH
9ab67e5a-a701-4489-8a7f-37e29c1dd01f,CUST0000051,DATA,3881588144582,0673231829716,TWR00004,2026-08-29 02:31:43,2026-08-29 02:31:43,0,486.064,N,EAST
cee2a270-5485-412b-8f4c-5ead04f797cc,CUST0000079,VOICE,5724500000015,9113717850902,TWR00085,2026-08-29 19:06:48,2026-08-29 19:09:29,161,0,N,WEST
4c70ad6e-3282-45f9-b9cb-d8601167590f,CUST0000239,VOICE,5618444218299,4781224890567,TWR00034,2026-08-29 21:31:31,2026-08-29 21:48:49,1038,0,N,NORTH
224d622e-0be1-49b2-9239-6606975d3899,CUST0000017,DATA,8670090043655,5848266913624,TWR00041,2026-08-29 03:24:28,2026-08-29 03:24:28,0,426.584,N,NORTH
311e325d-b440-44a1-880d-592b6eec273e,CUST0000017,VOICE,5505429608070,3369987950982,TWR00114,2026-08-29 21:55:49,2026-08-29 22:06:14,625,0,N,WEST
2ba4eaeb-1f65-44cd-84c9-c4cba5ac7917,CUST0000221,VOICE,1040164818804,2877383638164,TWR00015,2026-08-29 22:24:31,2026-08-29 22:50:40,1569,0,N,WEST
60472b7d-9e19-4b5a-8f0a-d5b760213d33,CUST0000284,DATA,2126942894642,3625863144170,TWR00072,2026-08-29 18:30:30,2026-08-29 18:30:30,0,427.321,N,WEST
8d14a0c1-1fda-4e2f-a3c6-c0c4c05b6820,CUST0000135,SMS,4625540263558,4301764644898,TWR00046,2026-08-29 12:39:43,2026-08-29 12:39:43,0,0,N,EAST
8e2e07f8-8950-4666-ab67-7bbae3841198,CUST0000165,VOICE,3153888245279,5040433335384,TWR00047,2026-08-29 18:02:08,2026-08-29 18:30:47,1719,0,N,NORTH
95ab3871-dbb3-4a35-b1ad-4ddf932177a3,CUST0000175,SMS,1632111978718,9339137326530,TWR00053,2026-08-29 13:22:22,2026-08-29 13:22:22,0,0,N,SOUTH
d5b37ca4-d7f3-4e37-bcae-634b1558298e,CUST0000127,VOICE,0119875617868,0230091561829,TWR00009,2026-08-29 09:37:05,2026-08-29 10:00:39,1414,0,N,NORTH
67eb2786-5d10-4396-8998-7ccd4c628176,CUST0000173,VOICE,3657744916093,5952014911894,TWR00085,2026-08-29 17:20:02,2026-08-29 17:35:50,948,0,N,WEST
b6a10966-23b3-4903-94c1-59a2686e6a2f,CUST0000137,VOICE,8433687509263,2399821374556,TWR00049,2026-08-29 15:37:01,2026-08-29 15:47:54,653,0,N,EAST
5cc4a355-4a4b-401d-9b80-1092145163e2,CUST0000294,VOICE,1404288605053,6660811260030,TWR00027,2026-08-29 15:06:44,2026-08-29 15:29:51,1387,0,N,EAST
d9ce2fa8-531a-4172-999a-bd6751ab7aa3,CUST0000086,DATA,5669106271531,3455068826917,TWR00064,2026-08-29 11:27:12,2026-08-29 11:27:12,0,318.087,N,NORTH
4319e28e-b1a5-4f6f-97ba-ee0c8519bc0d,CUST0000275,VOICE,6829384401348,8735437882603,TWR00052,2026-08-29 08:03:19,2026-08-29 08:22:58,1179,0,N,NORTH
81a7d633-8a59-46aa-a85c-bbd665f05e4f,CUST0000297,VOICE,5910157090859,4492074926999,TWR00103,2026-08-29 10:17:04,2026-08-29 10:36:29,1165,0,N,WEST
5a614618-9b1a-4540-94b2-c8666beb428e,CUST0000108,VOICE,9964899718428,9693259140849,TWR00065,2026-08-29 02:41:52,2026-08-29 02:52:15,623,0,N,WEST
39c821d9-3a4f-4ea4-8cae-632b3ced713d,CUST0000277,VOICE,2312342669806,8726176072348,TWR00066,2026-08-29 13:25:16,2026-08-29 13:46:40,1284,0,N,SOUTH
66886c3e-c927-4c8d-b967-4d3786a4b7f7,CUST0000010,DATA,8935953828040,6129965082695,TWR00074,2026-08-29 16:55:11,2026-08-29 16:55:11,0,250.103,N,WEST
1443a34e-93c9-482a-a581-ce27e81048b8,CUST0000138,DATA,6418696561308,6123859514346,TWR00110,2026-08-29 17:51:39,2026-08-29 17:51:39,0,384.79,N,NORTH
34c2aa50-352d-4ab7-9495-ba0e99509491,CUST0000268,VOICE,3948400273008,9661016831139,TWR00096,2026-08-29 14:09:15,2026-08-29 14:14:28,313,0,N,EAST
cf969468-8e96-40b1-819e-7eed97b50e7f,CUST0000223,SMS,0016809414915,7628397620534,TWR00109,2026-08-29 02:40:13,2026-08-29 02:40:13,0,0,N,EAST
53846943-2757-41af-a852-3f30604298f4,CUST0000083,VOICE,0777946207266,9250817760299,TWR00015,2026-08-29 19:15:25,2026-08-29 19:23:38,493,0,N,NORTH
28a89239-9ea4-45bd-bc43-654d2792a2d4,CUST0000126,DATA,4068841333731,5523561781703,TWR00072,2026-08-29 09:29:31,2026-08-29 09:29:31,0,495.655,N,NORTH
8024c0f3-2039-459c-b1bc-77a59de8135a,CUST0000104,VOICE,1192061363852,7895613371844,TWR00103,2026-08-29 04:01:16,2026-08-29 04:28:18,1622,0,N,SOUTH
9a7c2fdd-cb79-44cc-8e22-9b54b4eb8068,CUST0000022,DATA,9029502648016,4037341678127,TWR00008,2026-08-29 15:50:01,2026-08-29 15:50:01,0,429.932,N,EAST
feb75d94-5a38-4e1c-a3e0-43380dac80d0,CUST0000033,DATA,8221021798213,8629857973638,TWR00086,2026-08-29 13:57:23,2026-08-29 13:57:23,0,329.058,N,SOUTH
80fe182a-85f4-4b88-b52b-201cbb9d247b,CUST0000121,VOICE,1828560539707,6177067368205,TWR00067,2026-08-29 23:32:59,2026-08-29 23:37:11,252,0,N,EAST
58708011-28ad-4b73-9f20-f28d01ecf763,CUST0000255,DATA,6821223552165,5871469218219,TWR00099,2026-08-29 07:38:07,2026-08-29 07:38:07,0,403.537,N,WEST
ecea1bcc-7eaa-41ce-a469-78210bd90548,CUST0000121,DATA,5967908984369,8022050938694,TWR00023,2026-08-29 06:09:06,2026-08-29 06:09:06,0,107.84,N,WEST
ceb46d90-ab6f-4c48-9ebd-74d22e21a852,CUST0000131,DATA,2495988114578,0715238676738,TWR00048,2026-08-29 01:31:34,2026-08-29 01:31:34,0,350.109,N,WEST
44814573-cea0-4651-9cbd-08d4116febd2,CUST0000244,DATA,0974619177987,8299687225893,TWR00120,2026-08-29 08:56:50,2026-08-29 08:56:50,0,73.311,N,EAST
906db353-6d4e-461d-b8bd-93d4690054ce,CUST0000158,VOICE,0858062350405,6957900124825,TWR00085,2026-08-29 19:02:53,2026-08-29 19:28:12,1519,0,N,NORTH
b61be4d3-b2c3-4f35-9f33-982728f59a9b,CUST0000123,VOICE,4428679632594,3289463389156,TWR00047,2026-08-29 12:19:40,2026-08-29 12:43:39,1439,0,N,NORTH
64d832f3-21fa-4537-9d8f-811c46caf905,CUST0000274,DATA,4152857256292,9335895138186,TWR00117,2026-08-29 14:24:00,2026-08-29 14:24:00,0,480.413,N,EAST
65ed1820-3533-48fd-83ef-bbeb682cec9d,CUST0000155,VOICE,5078468509574,3034918911797,TWR00114,2026-08-29 07:19:13,2026-08-29 07:48:38,1765,0,N,WEST
ae04e162-99f3-41d3-bd5e-dd3877cc53c7,CUST0000163,DATA,0385934015364,5471553132593,TWR00005,2026-08-29 20:26:50,2026-08-29 20:26:50,0,137.744,N,WEST
5df3f539-f67e-45e2-8073-aef6316b01c6,CUST0000242,DATA,7813675009421,1052769819878,TWR00113,2026-08-29 10:45:27,2026-08-29 10:45:27,0,459.355,N,SOUTH
8a1f152a-f35d-4fd0-9c1d-e6f77c4ea312,CUST0000134,SMS,9270452388856,2586605986787,TWR00094,2026-08-29 11:26:38,2026-08-29 11:26:38,0,0,N,EAST
f850ad47-348e-41d3-8a1c-222c761847eb,CUST0000233,DATA,4227585485965,9428249116502,TWR00024,2026-08-29 01:41:41,2026-08-29 01:41:41,0,315.448,N,SOUTH
ae2329b3-c5ac-481a-812e-9bbb4f51a19f,CUST0000002,SMS,0024539313215,1305570836821,TWR00074,2026-08-29 20:19:20,2026-08-29 20:19:20,0,0,N,SOUTH
51982c22-5d3a-44c8-8f5f-4e69cc322bf0,CUST0000128,SMS,4488966997273,7746202582543,TWR00109,2026-08-29 20:48:08,2026-08-29 20:48:08,0,0,N,WEST
cdedb322-af36-46a2-9adf-4a474464e2e6,CUST0000164,SMS,8328123123920,9106018364723,TWR00023,2026-08-29 23:08:16,2026-08-29 23:08:16,0,0,N,EAST
1b2bc77f-b392-4cb0-868d-43eb13400cc7,CUST0000145,VOICE,5082768172257,5458472629052,TWR00113,2026-08-29 13:23:11,2026-08-29 13:36:41,810,0,N,SOUTH
2a86db25-3415-4708-808d-4e6340a8c920,CUST0000011,DATA,8768316082717,1733739920522,TWR00081,2026-08-29 17:41:39,2026-08-29 17:41:39,0,115.125,N,WEST
0b9ef6ba-69cf-474f-9996-02e2aa910740,CUST0000102,VOICE,9993621659143,3255398358446,TWR00055,2026-08-29 05:03:25,2026-08-29 05:24:35,1270,0,N,SOUTH
de0363ce-5d5e-4825-ab5a-8e9970419acd,CUST0000046,DATA,7773264309544,9127997029271,TWR00002,2026-08-29 05:36:07,2026-08-29 05:36:07,0,359.573,N,WEST
d107caca-430f-4ec2-ae19-4392b95d0993,CUST0000254,VOICE,0539787137529,2201256083200,TWR00105,2026-08-29 22:13:12,2026-08-29 22:42:42,1770,0,N,EAST
43d5e930-d3ff-40b1-9044-786feaa3ef88,CUST0000254,SMS,8797888975358,2386003044361,TWR00077,2026-08-29 13:54:13,2026-08-29 13:54:13,0,0,N,EAST
3a8d26ae-456e-43dd-8839-2312e4986872,CUST0000097,SMS,1715239102929,0143748309309,TWR00004,2026-08-29 13:50:09,2026-08-29 13:50:09,0,0,N,EAST
09e291d9-7c69-49b5-bb6a-7aabae119a4d,CUST0000121,DATA,7139719126022,3217672019111,TWR00088,2026-08-29 07:23:37,2026-08-29 07:23:37,0,323.971,N,WEST
40cdd8ca-115b-4a20-af70-61c379862aae,CUST0000069,DATA,6122019072587,3930493665380,TWR00028,2026-08-29 22:25:43,2026-08-29 22:25:43,0,356.955,N,EAST
abc65871-0898-4f77-862e-1c8e8d232a9f,CUST0000038,VOICE,7481242114086,5095229462093,TWR00061,2026-08-29 01:03:21,2026-08-29 01:11:26,485,0,N,NORTH
ccff27f4-e7d8-412b-b442-10c0f82e9fac,CUST0000003,VOICE,5610399529701,7124365858564,TWR00086,2026-08-29 19:24:19,2026-08-29 19:37:52,813,0,N,NORTH
61f2670a-644f-4212-8da7-3f25ff627876,CUST0000298,VOICE,3041202706159,7387402990716,TWR00113,2026-08-29 05:32:31,2026-08-29 05:44:10,699,0,N,NORTH
e56796df-bb42-4e9c-943b-107ae3cc92e1,CUST0000163,DATA,9063224815542,3403010956797,TWR00015,2026-08-29 13:09:16,2026-08-29 13:09:16,0,157.322,N,WEST
d62aa761-1eaf-4e58-8f53-676410e6fff4,CUST0000144,DATA,6491579554623,7124760108018,TWR00113,2026-08-29 13:18:57,2026-08-29 13:18:57,0,132.345,N,EAST
5c507ca5-6d0b-4345-808c-593070dad1a0,CUST0000265,VOICE,0306831764172,8080815712901,TWR00098,2026-08-29 05:20:47,2026-08-29 05:37:38,1011,0,N,WEST
13773c61-56fc-4a48-9fac-d85eb3c01f51,CUST0000028,VOICE,0713806713073,1045847436213,TWR00061,2026-08-29 01:14:11,2026-08-29 01:15:29,78,0,N,WEST
d567a75e-6a59-40c2-8d4b-50b152fbfbc5,CUST0000224,VOICE,0962588576694,0318053396274,TWR00091,2026-08-29 15:02:28,2026-08-29 15:14:43,735,0,N,WEST
db76462f-7d87-4ca1-a1d9-a72b84187489,CUST0000253,VOICE,6621591832700,4666145901107,TWR00045,2026-08-29 23:55:09,2026-08-29 23:59:27,258,0,N,EAST
153655e8-a45c-4311-aa3e-236fa82ef888,CUST0000093,DATA,7140049388194,5315204998094,TWR00035,2026-08-29 23:32:52,2026-08-29 23:32:52,0,282.06,N,SOUTH
26afb1fb-8de8-4a5f-818d-0155e49e92b8,CUST0000299,DATA,6987313797166,1661237407794,TWR00074,2026-08-29 00:33:49,2026-08-29 00:33:49,0,91.104,N,SOUTH
99112a6f-3880-4e43-b6a0-052244bc9c9a,CUST0000256,DATA,3256238994991,0142620370878,TWR00088,2026-08-29 10:01:18,2026-08-29 10:01:18,0,490.686,N,EAST
1343c366-c353-420d-a985-4c9614b80000,CUST0000055,DATA,1160204181359,2117088948018,TWR00059,2026-08-29 04:01:05,2026-08-29 04:01:05,0,415.519,N,WEST
e7a70b08-83cb-4a55-9c69-4cfa3e6dc7e7,CUST0000138,SMS,4482217588397,7082004806757,TWR00084,2026-08-29 00:21:02,2026-08-29 00:21:02,0,0,N,WEST
42008f9b-b634-4e17-975d-28a3759e06e5,CUST0000167,DATA,2369149611287,2968827697040,TWR00073,2026-08-29 23:58:51,2026-08-29 23:58:51,0,65.531,N,EAST
b1bcc41c-5a1a-4e52-bd9d-f388c87b2994,CUST0000166,DATA,3141961560783,7488356517962,TWR00078,2026-08-29 23:04:35,2026-08-29 23:04:35,0,191.314,N,SOUTH
abef713d-c6fa-47f5-9324-e1eda635770a,CUST0000123,DATA,0964966834960,7842170285162,TWR00110,2026-08-29 12:05:01,2026-08-29 12:05:01,0,104.903,N,WEST
96323aa5-f522-423d-b672-91a4aebe988f,CUST0000146,DATA,5936488208934,8839062467287,TWR00039,2026-08-29 20:09:07,2026-08-29 20:09:07,0,245.932,N,EAST
ce792900-ed54-48d6-84e4-6fece80f0aab,CUST0000068,SMS,6091141319359,3613376052304,TWR00066,2026-08-29 03:53:23,2026-08-29 03:53:23,0,0,N,WEST
2a66f442-5bb9-4710-9d90-db23f5b4bf88,CUST0000199,SMS,8816502544724,9165034409661,TWR00012,2026-08-29 18:38:27,2026-08-29 18:38:27,0,0,N,EAST
d934733b-653e-41ee-9310-2f73de8bc197,CUST0000096,SMS,7182498980880,7821417468135,TWR00066,2026-08-29 13:05:02,2026-08-29 13:05:02,0,0,N,WEST
89bd1b2a-e120-4775-b6ac-1aaf5a1f7c61,CUST0000115,DATA,6648698939698,4869415594501,TWR00064,2026-08-29 22:09:59,2026-08-29 22:09:59,0,264.112,N,NORTH
3479689f-6df3-4df5-9092-7b5167ec0f84,CUST0000149,SMS,9292075360511,1603988636536,TWR00062,2026-08-29 02:58:51,2026-08-29 02:58:51,0,0,N,SOUTH
9321dee1-e7ec-48e9-bef9-fa5c5aa173a8,CUST0000154,DATA,1894559067000,2489420466489,TWR00073,2026-08-29 16:27:18,2026-08-29 16:27:18,0,24.816,N,NORTH
71635093-663f-4c5e-8722-cb90b41a6048,CUST0000263,VOICE,6760564204565,7580974533890,TWR00085,2026-08-29 13:26:06,2026-08-29 13:42:02,956,0,N,EAST
8f84545e-e169-4d81-a63a-7006fc6ddd0a,CUST0000182,VOICE,2354662265401,5995300622122,TWR00015,2026-08-29 02:49:32,2026-08-29 02:50:10,38,0,N,WEST
8b15cf9d-72ba-4040-ac4b-96e0f0007b1f,CUST0000092,DATA,2767746259160,1241158488600,TWR00054,2026-08-29 12:02:05,2026-08-29 12:02:05,0,438.501,N,WEST
a3fc4891-c4a3-464c-b213-9e0a595b2342,CUST0000231,DATA,1798677823129,7047264261212,TWR00112,2026-08-29 08:21:58,2026-08-29 08:21:58,0,405.193,N,NORTH
5198caaf-cfdb-49b7-b811-09ec0d935015,CUST0000133,DATA,3843753659680,8525482421838,TWR00003,2026-08-29 03:27:34,2026-08-29 03:27:34,0,3.918,N,SOUTH
0b49d610-13cc-42bb-ad3a-1830200c85b5,CUST0000245,SMS,4540064454752,1123274897917,TWR00096,2026-08-29 12:55:42,2026-08-29 12:55:42,0,0,N,WEST
672db284-874b-41e8-9901-4e3560e564ee,CUST0000156,DATA,6334272038862,7508019630453,TWR00087,2026-08-29 19:23:44,2026-08-29 19:23:44,0,481.608,N,EAST
dacc56c7-ccd2-4977-86b1-ba7b1ae4efd5,CUST0000045,VOICE,6935882493534,0181677848165,TWR00003,2026-08-29 00:12:07,2026-08-29 00:40:03,1676,0,N,SOUTH
223fb281-6af1-48b1-b9fb-835b7c23c0ee,CUST0000014,VOICE,4445446083851,9937810539128,TWR00056,2026-08-29 20:09:41,2026-08-29 20:18:01,500,0,N,SOUTH
87bcc885-8490-499c-a50f-1c2fbca9b167,CUST0000045,VOICE,8848699969882,4579271472463,TWR00003,2026-08-29 14:09:30,2026-08-29 14:23:59,869,0,N,SOUTH
c94e069b-c7d0-4f6d-aee2-c31297675a67,CUST0000228,DATA,1986424238397,8339121870629,TWR00058,2026-08-29 15:01:55,2026-08-29 15:01:55,0,293.028,N,WEST
0ca52daf-0b9c-4f2d-bd6f-4bfdf75d3c7c,CUST0000027,VOICE,2880983221010,3200186766100,TWR00056,2026-08-29 03:40:54,2026-08-29 04:05:19,1465,0,N,WEST
3a6681f0-e3b3-4a2b-9330-404fe99a83b7,CUST0000297,SMS,6108143561403,5319807468235,TWR00063,2026-08-29 17:18:02,2026-08-29 17:18:02,0,0,N,WEST
56da987a-f09b-4d25-810d-b49f7b364f9f,CUST0000119,DATA,6951003076205,5967150066664,TWR00074,2026-08-29 16:01:27,2026-08-29 16:01:27,0,158.609,N,WEST
72d77d82-f20d-4e96-bed5-a2daac474220,CUST0000243,VOICE,1065411340785,6994970890583,TWR00090,2026-08-29 19:41:22,2026-08-29 19:56:45,923,0,N,SOUTH
4bffd710-15c5-4319-b62f-5508f62d9260,CUST0000148,DATA,6834826899962,9708386888917,TWR00030,2026-08-29 15:22:28,2026-08-29 15:22:28,0,254.31,N,EAST
2374f926-1d0b-414f-b009-71dc507b8de5,CUST0000240,VOICE,9150596257197,0932012657898,TWR00054,2026-08-29 09:46:45,2026-08-29 10:00:09,804,0,N,EAST
91791cb3-1783-4edd-9b60-aaef8863ae9d,CUST0000242,DATA,6041809521755,1777412746921,TWR00037,2026-08-29 05:39:13,2026-08-29 05:39:13,0,345.658,N,WEST
a82bf239-53a1-4c82-882b-1fcd3bf2669a,CUST0000067,VOICE,8824199626422,9758917045421,TWR00102,2026-08-29 05:38:31,2026-08-29 05:42:02,211,0,N,WEST
505865ef-79d1-465d-8995-d475b12d2b12,CUST0000156,VOICE,4570568209225,0900163564072,TWR00113,2026-08-29 17:03:01,2026-08-29 17:15:20,739,0,N,SOUTH
9abf2df7-c297-4512-a6d7-e61a8ecc41d4,CUST0000090,DATA,2472828954001,8822473126168,TWR00009,2026-08-29 16:02:51,2026-08-29 16:02:51,0,169.53,N,SOUTH
4c9abd58-a1c2-435e-a2ab-dc5fdf2a3844,CUST0000062,SMS,0710580119509,7115261053709,TWR00101,2026-08-29 15:16:21,2026-08-29 15:16:21,0,0,N,NORTH
c22a720b-b783-46e9-ae6c-85d3795dd51a,CUST0000286,VOICE,3007169500741,8543298769893,TWR00066,2026-08-29 04:54:44,2026-08-29 05:24:38,1794,0,N,NORTH
dc2295e4-b31e-4d28-89a9-94020fdf6823,CUST0000026,DATA,5294471619827,4813104502589,TWR00108,2026-08-29 14:51:29,2026-08-29 14:51:29,0,378.126,N,NORTH
82784616-55dd-4a5e-a4dd-cf0e0fdf2694,CUST0000288,VOICE,3217435748352,8064860673983,TWR00112,2026-08-29 03:10:40,2026-08-29 03:14:46,246,0,N,EAST
ce58e50d-53b8-42ee-9e75-4df33ac8a45d,CUST0000081,DATA,4883842536462,5507740657955,TWR00065,2026-08-29 22:28:48,2026-08-29 22:28:48,0,249.697,N,SOUTH
5ab0e952-9fff-4d8c-9cae-2b7f62da9976,CUST0000187,VOICE,5623920908551,7409131117861,TWR00057,2026-08-29 04:07:54,2026-08-29 04:14:52,418,0,N,NORTH
6e83b6c6-fd12-410e-9878-8d4dc6777dd6,CUST0000126,DATA,2547602206953,4120122759500,TWR00065,2026-08-29 15:21:18,2026-08-29 15:21:18,0,86.46,N,WEST
3e7a124b-e269-4b04-81cf-3fd2a3c6a819,CUST0000185,DATA,6015153259479,0740717327980,TWR00097,2026-08-29 07:09:48,2026-08-29 07:09:48,0,265.295,N,SOUTH
5a3e4e82-62f7-4b4e-8346-a5748b2d93ff,CUST0000220,SMS,9503100649340,9104520360894,TWR00110,2026-08-29 13:57:29,2026-08-29 13:57:29,0,0,N,EAST
70bf7112-2dcb-4c0a-82bf-18dd0588bd4d,CUST0000016,SMS,1849135992855,5952056100679,TWR00067,2026-08-29 00:45:51,2026-08-29 00:45:51,0,0,N,NORTH
678a6298-2ae6-4af4-b69d-ce8184dcf8b6,CUST0000174,VOICE,0696801867740,7842339449530,TWR00098,2026-08-29 05:27:03,2026-08-29 05:40:33,810,0,N,SOUTH
e1f60419-dc6e-476b-b6f3-56591ce9fc88,CUST0000295,VOICE,6776255032501,3654262417842,TWR00113,2026-08-29 20:45:51,2026-08-29 21:08:28,1357,0,N,EAST
7f4b51c8-2949-469d-b833-8756526ce26b,CUST0000215,SMS,2923345110090,0530886843021,TWR00112,2026-08-29 21:44:35,2026-08-29 21:44:35,0,0,N,EAST
9f55e467-116a-4137-b8dc-2056d4d09c37,CUST0000177,VOICE,6673290457598,5921299642603,TWR00118,2026-08-29 08:57:33,2026-08-29 09:18:28,1255,0,N,WEST
7491254f-92cd-46dd-b8af-a37c82ff0f78,CUST0000229,DATA,6202755821477,9207115238023,TWR00080,2026-08-29 17:39:50,2026-08-29 17:39:50,0,326.367,N,WEST
a76a8e53-cc2e-4c60-af05-39d20ad98354,CUST0000102,DATA,2192158189705,6118638558819,TWR00043,2026-08-29 02:02:34,2026-08-29 02:02:34,0,195.607,N,SOUTH
e818781c-db2c-46bf-9ff3-6fa44555138f,CUST0000267,DATA,9772168800537,1869289728454,TWR00066,2026-08-29 09:13:05,2026-08-29 09:13:05,0,276.341,N,SOUTH
36e866dd-a63e-496b-8d85-f0117bfbce0b,CUST0000012,VOICE,1822720028394,3220414474328,TWR00107,2026-08-29 17:37:16,2026-08-29 17:45:35,499,0,N,WEST
96e21927-076f-41ab-8e8d-c90547982834,CUST0000259,VOICE,1659930202030,2322775213530,TWR00081,2026-08-29 01:53:23,2026-08-29 02:02:19,536,0,N,NORTH
578e3c38-31be-4c8a-b17e-7fb156b49d0e,CUST0000025,DATA,8165064630059,7775691983210,TWR00074,2026-08-29 03:28:19,2026-08-29 03:28:19,0,368.692,N,SOUTH
e94e9095-6d88-4460-9205-47cfc617a9bb,CUST0000298,SMS,9161746902983,0438419662291,TWR00109,2026-08-29 20:42:34,2026-08-29 20:42:34,0,0,N,EAST
2ace8ae3-6939-4e0a-b595-80c0d90126ce,CUST0000154,VOICE,1670805685667,6362198655049,TWR00092,2026-08-29 22:36:43,2026-08-29 22:41:34,291,0,N,SOUTH
ea0c00e2-db92-479b-bf1c-58249e618093,CUST0000054,VOICE,4407663493396,0496273226261,TWR00047,2026-08-29 18:12:52,2026-08-29 18:39:31,1599,0,N,SOUTH
4e3b17de-f726-410d-bdfb-9a3f00e9fece,CUST0000218,DATA,4243625854218,8799196234199,TWR00055,2026-08-29 02:05:03,2026-08-29 02:05:03,0,444.366,N,WEST
db105d3a-c266-4e84-9b35-eb1fbe6f0255,CUST0000040,SMS,4338532472505,3343031158760,TWR00072,2026-08-29 16:25:37,2026-08-29 16:25:37,0,0,N,WEST
39fda6bc-0af6-4502-a33d-4e9fa6b9d8ef,CUST0000136,SMS,4576947576945,5365974669861,TWR00089,2026-08-29 20:27:28,2026-08-29 20:27:28,0,0,N,WEST
86fce3b2-c1f4-4c4e-a145-961267e04fb4,CUST0000214,DATA,3421254508095,8152692559664,TWR00063,2026-08-29 04:32:08,2026-08-29 04:32:08,0,355.864,N,NORTH
f7b42ac7-5f78-47ce-af0e-9832841fe105,CUST0000109,SMS,2130742359142,1404893326145,TWR00072,2026-08-29 01:47:10,2026-08-29 01:47:10,0,0,N,NORTH
fbcb290a-0ad3-4d81-a47f-d219f5b007b4,CUST0000210,VOICE,3079637310081,8522115871845,TWR00067,2026-08-29 11:36:18,2026-08-29 11:37:45,87,0,N,EAST
f588faa8-2ff7-460d-980a-b7f3fe24c452,CUST0000157,DATA,3542687447017,2086523777296,TWR00004,2026-08-29 09:18:31,2026-08-29 09:18:31,0,395.811,N,WEST
7cf35d92-306d-4289-8cf7-1cc20defc3cd,CUST0000025,DATA,5633701400527,0558000272214,TWR00028,2026-08-29 09:56:18,2026-08-29 09:56:18,0,92.355,N,NORTH
17a1f7a2-68a7-4ac9-b00a-2d1a69502d70,CUST0000063,SMS,5731609439136,7203136955286,TWR00054,2026-08-29 02:55:02,2026-08-29 02:55:02,0,0,N,EAST
5b74776a-bc67-444c-a4bb-234538faf992,CUST0000290,SMS,0929735259533,2273938992045,TWR00061,2026-08-29 10:50:24,2026-08-29 10:50:24,0,0,N,SOUTH
117fcacb-13e5-4de9-a4aa-a0bbd4bfdea7,CUST0000071,SMS,3532366185076,0870826971823,TWR00086,2026-08-29 14:48:28,2026-08-29 14:48:28,0,0,N,EAST
d49c59f8-9490-40da-a633-fbf6b772f5c4,CUST0000046,DATA,0107126158388,1764846735742,TWR00050,2026-08-29 21:39:26,2026-08-29 21:39:26,0,117.178,N,NORTH
54a4ec3d-454f-4273-9a58-bde9278c26b0,CUST0000227,DATA,3322280194425,2256062953506,TWR00022,2026-08-29 20:05:55,2026-08-29 20:05:55,0,353.897,N,EAST
0a25da1d-4fea-48db-a6d8-075746e40158,CUST0000288,DATA,7311804674130,5384185201362,TWR00025,2026-08-29 20:35:05,2026-08-29 20:35:05,0,477.629,N,NORTH
bd9588cd-05ee-4e07-8766-04e0ff2866d0,CUST0000292,SMS,0846397561547,5549121516411,TWR00003,2026-08-29 15:32:57,2026-08-29 15:32:57,0,0,N,SOUTH
78225bd8-8508-4be0-a269-7e21243120b1,CUST0000010,VOICE,5640919693957,5207020426201,TWR00108,2026-08-29 06:15:53,2026-08-29 06:40:03,1450,0,N,WEST
05c8e83d-9793-469f-9c13-21ddb8a31a24,CUST0000044,DATA,1212413936967,6098731267731,TWR00076,2026-08-29 19:20:25,2026-08-29 19:20:25,0,23.447,N,NORTH
02c51bb5-6068-4434-9cbe-1e6a31380d67,CUST0000175,SMS,2760759889786,3394319165430,TWR00068,2026-08-29 13:01:55,2026-08-29 13:01:55,0,0,N,EAST
04385492-2b10-4056-9475-58eaa382a510,CUST0000047,VOICE,2312021915057,4497470002687,TWR00019,2026-08-29 03:34:10,2026-08-29 03:43:59,589,0,N,NORTH
e440450b-0b59-47da-bfc4-7c9f93dbfceb,CUST0000079,VOICE,4486764979741,3656045006355,TWR00079,2026-08-29 13:43:10,2026-08-29 13:45:15,125,0,N,SOUTH
55010c83-4cc3-486a-bc34-9fb4e8d8cf96,CUST0000014,DATA,7309649692771,9529635305970,TWR00041,2026-08-29 09:24:06,2026-08-29 09:24:06,0,72.088,N,EAST
a291e170-a8ea-4028-968d-c87359ebe632,CUST0000193,DATA,5512827636431,9489895965466,TWR00031,2026-08-29 03:03:12,2026-08-29 03:03:12,0,376.315,N,WEST
2b2366d3-50d0-4afe-a1fd-451e1020e012,CUST0000261,DATA,4544344149169,9344974394640,TWR00008,2026-08-29 12:07:17,2026-08-29 12:07:17,0,159.85,N,NORTH
ff46042c-f081-4a13-87a8-092b4998d75d,CUST0000248,VOICE,2309586297398,1321097202170,TWR00035,2026-08-29 20:14:58,2026-08-29 20:15:41,43,0,N,NORTH
c821f961-00c1-449d-8b05-4dfb71b6c6ec,CUST0000127,DATA,5485346557922,3004496461293,TWR00039,2026-08-29 20:50:08,2026-08-29 20:50:08,0,284.555,N,SOUTH
70388c8d-8946-4564-958a-2a2a581a0da0,CUST0000073,SMS,0251213756589,3595708619931,TWR00069,2026-08-29 05:50:15,2026-08-29 05:50:15,0,0,N,WEST
0b222037-dcb2-4178-b34b-86483d5da542,CUST0000022,VOICE,5843456631138,0342362203347,TWR00084,2026-08-29 14:53:39,2026-08-29 15:03:36,597,0,N,NORTH
493a1874-a59b-4196-b005-a33accdcf6de,CUST0000031,DATA,2463104379686,0852946902177,TWR00033,2026-08-29 15:17:38,2026-08-29 15:17:38,0,419.904,N,EAST
8fb22769-7e2a-4b09-b3fd-5207fc1cb4f9,CUST0000109,SMS,1743043502385,2289466527523,TWR00021,2026-08-29 16:18:02,2026-08-29 16:18:02,0,0,N,NORTH
544d9837-b069-4b9d-931c-f1f5cc8f3174,CUST0000154,VOICE,2829302025691,3030334677116,TWR00093,2026-08-29 22:07:53,2026-08-29 22:12:44,291,0,N,EAST
1542ffea-3fdd-4a5f-b939-fa0beda078c4,CUST0000222,VOICE,5076279955302,5301239847230,TWR00044,2026-08-29 16:51:20,2026-08-29 17:14:41,1401,0,N,WEST
c237c049-32cc-4b41-aea0-899e07bd43b2,CUST0000140,VOICE,4202847190172,2405076487177,TWR00077,2026-08-29 10:21:13,2026-08-29 10:36:59,946,0,N,SOUTH
49da6734-1a3c-4fd4-a71b-6fa7ccaf172f,CUST0000002,DATA,4619924065838,2725812259095,TWR00087,2026-08-29 00:57:00,2026-08-29 00:57:00,0,87.594,N,WEST
6556e913-e165-4e46-83c5-560db43d36b6,CUST0000202,SMS,6844823733791,1211018780358,TWR00069,2026-08-29 20:41:04,2026-08-29 20:41:04,0,0,N,WEST
1c1955fe-56d5-4333-ab73-208b4b49df3d,CUST0000064,SMS,9017074039251,5295171222764,TWR00046,2026-08-29 12:52:38,2026-08-29 12:52:38,0,0,N,NORTH
3d7e4a4d-40f8-4650-a80a-84603cfa35de,CUST0000064,SMS,3872205422162,5496330833444,TWR00029,2026-08-29 06:28:00,2026-08-29 06:28:00,0,0,N,EAST
3d6b1fb3-1928-44c4-862a-35569d9c534e,CUST0000184,VOICE,0488789950470,0596851953774,TWR00092,2026-08-29 19:40:19,2026-08-29 20:07:59,1660,0,N,WEST
0822c0a3-8c40-4d54-a5a1-2ac15aba8b96,CUST0000186,VOICE,6632956342777,2259206165812,TWR00078,2026-08-29 15:57:45,2026-08-29 16:21:57,1452,0,N,SOUTH
dd76216e-d305-4533-881e-7a45480f30ca,CUST0000203,VOICE,0592294115630,9559636372629,TWR00022,2026-08-29 08:36:32,2026-08-29 08:53:28,1016,0,N,SOUTH
966c032a-2faf-4d49-b42c-505b910d6b7f,CUST0000034,SMS,2066154980851,3138004983211,TWR00034,2026-08-29 23:04:08,2026-08-29 23:04:08,0,0,N,SOUTH
578b9fc4-4cb0-4530-95d3-e2796393f13e,CUST0000268,DATA,2121548158268,8764019185488,TWR00087,2026-08-29 08:12:54,2026-08-29 08:12:54,0,12.536,N,EAST
0fc0666e-e31f-4c16-9ac6-db01a59de607,CUST0000287,DATA,6442006298778,3585664641962,TWR00087,2026-08-29 00:27:41,2026-08-29 00:27:41,0,471.594,N,EAST
b93c5fc1-4598-4a61-a1e1-20e3c63bca49,CUST0000222,DATA,4219262213204,0429483147891,TWR00088,2026-08-29 13:17:07,2026-08-29 13:17:07,0,259.629,N,NORTH
6384b037-4e00-4091-bfe2-32e366a929aa,CUST0000115,VOICE,7972699994981,8318003666020,TWR00001,2026-08-29 13:34:28,2026-08-29 13:45:20,652,0,N,EAST
75d67800-081c-4a62-a533-09b5f053e9ca,CUST0000042,DATA,0532853863105,5243838058269,TWR00089,2026-08-29 00:47:14,2026-08-29 00:47:14,0,212.486,N,SOUTH
a7a73056-9b10-4a3d-8238-adb0a15d523f,CUST0000101,VOICE,9900768627633,8389633761851,TWR00013,2026-08-29 09:04:40,2026-08-29 09:26:05,1285,0,Y,WEST
92c6941f-3c8f-461a-89b2-98234f2415e7,CUST0000013,SMS,2671368410132,3392188352791,TWR00108,2026-08-29 20:59:21,2026-08-29 20:59:21,0,0,N,NORTH
aea3efdd-6eb0-4506-adf4-9b9979a7a5c0,CUST0000243,VOICE,5067761065920,4319279761781,TWR00043,2026-08-29 10:53:03,2026-08-29 11:21:10,1687,0,N,SOUTH
9a856a12-73e5-446e-97f8-367bf32fdcac,CUST0000038,DATA,9698384572026,5686295912573,TWR00013,2026-08-29 19:28:48,2026-08-29 19:28:48,0,313.049,N,NORTH
4de6a43c-956d-448d-a49c-ee20b7e69f66,CUST0000032,DATA,9899255394607,2990747296694,TWR00109,2026-08-29 12:20:56,2026-08-29 12:20:56,0,346.988,N,NORTH
19f38ec1-163a-4954-9711-9baaf8f82ea9,CUST0000227,VOICE,7996708089747,8599464183984,TWR00014,2026-08-29 19:40:27,2026-08-29 19:42:46,139,0,N,NORTH
722dbc60-dfd5-408a-b2fd-5b5d0278e86d,CUST0000151,DATA,6734785369881,4980445092860,TWR00097,2026-08-29 12:06:39,2026-08-29 12:06:39,0,206.143,N,NORTH
e82eda34-91de-42ce-bb8b-ae646ca5cf80,CUST0000233,SMS,2102627066489,0824845813088,TWR00080,2026-08-29 13:56:39,2026-08-29 13:56:39,0,0,N,NORTH
2f72c9e3-249d-40fd-a122-ffc9c7d6301a,CUST0000233,SMS,0574883997418,6302750003056,TWR00014,2026-08-29 18:12:06,2026-08-29 18:12:06,0,0,Y,NORTH
da0a5150-3f41-400e-8020-d41d8deb9032,CUST0000100,DATA,1995305641849,7846790870187,TWR00033,2026-08-29 04:40:32,2026-08-29 04:40:32,0,178.34,N,WEST
06f8e297-8d41-4d6b-a207-f98589b873dd,CUST0000096,VOICE,6001365103444,2990674568652,TWR00075,2026-08-29 01:03:08,2026-08-29 01:13:51,643,0,N,EAST
2c56ec6a-434e-4f5e-a062-4fdc01aeff8d,CUST0000160,SMS,0622155996725,2221905334704,TWR00019,2026-08-29 17:49:09,2026-08-29 17:49:09,0,0,N,EAST
223e585c-b69c-499a-bbce-01e423e82ebf,CUST0000150,SMS,4764845593965,1383507124553,TWR00085,2026-08-29 00:33:37,2026-08-29 00:33:37,0,0,N,NORTH
652956cf-2f5c-4735-bd4b-2e4206ecf323,CUST0000122,SMS,2900362211732,7264883958558,TWR00055,2026-08-29 17:54:03,2026-08-29 17:54:03,0,0,N,SOUTH
c361d453-c281-4e26-bed7-dc427f17519d,CUST0000104,DATA,2294252516185,5917105080549,TWR00061,2026-08-29 10:12:42,2026-08-29 10:12:42,0,347.696,N,EAST
6fb9ea67-30f5-48a1-98e7-74cb3ba8a5ec,CUST0000297,SMS,4774473535247,1715949734493,TWR00054,2026-08-29 10:39:19,2026-08-29 10:39:19,0,0,N,NORTH
cf5c27eb-d2db-413e-ab85-2febbb8d1ef2,CUST0000233,DATA,5378803318361,3389260878828,TWR00118,2026-08-29 01:31:14,2026-08-29 01:31:14,0,2.845,N,SOUTH
bf9f75ad-ee75-45ea-8271-7d498221d69f,CUST0000239,DATA,5278730486251,2174653537801,TWR00099,2026-08-29 07:30:47,2026-08-29 07:30:47,0,476.342,N,WEST
2e39d46b-a2b9-4b38-b425-87591052f9df,CUST0000106,SMS,5673446717762,9143362999466,TWR00010,2026-08-29 00:23:00,2026-08-29 00:23:00,0,0,N,NORTH
4e489686-6d0a-47fe-b74f-e1248a50abc7,CUST0000073,VOICE,5099990010898,7390835211896,TWR00047,2026-08-29 06:40:37,2026-08-29 07:06:49,1572,0,N,NORTH
75d3e07a-718c-40fb-b4d9-50a4dcb5ca61,CUST0000102,VOICE,4246488499795,2857595828190,TWR00093,2026-08-29 05:14:56,2026-08-29 05:23:57,541,0,N,SOUTH
e14c7fb6-d61d-4458-9ed2-5dc9cc971460,CUST0000092,VOICE,2179789124883,1705984451436,TWR00003,2026-08-29 05:53:16,2026-08-29 05:56:48,212,0,N,SOUTH
e2c8b4b0-12d1-4556-8ac2-0de8d118dacb,CUST0000195,DATA,2868112303885,8119397814590,TWR00027,2026-08-29 03:21:59,2026-08-29 03:21:59,0,153.231,N,EAST
7d54e930-2010-4863-8a56-42fc6d596240,CUST0000088,DATA,9921779055286,9335158807053,TWR00113,2026-08-29 19:56:27,2026-08-29 19:56:27,0,355.76,N,SOUTH
cc2e00d5-9b79-482d-bae4-4af604ba1592,CUST0000098,VOICE,6011939103829,4255136090858,TWR00077,2026-08-29 12:44:23,2026-08-29 12:55:19,656,0,N,SOUTH
a6bfe0e6-2cbe-4f5e-8289-b3897a60a3b7,CUST0000024,DATA,8104502437361,8736627135896,TWR00069,2026-08-29 18:12:54,2026-08-29 18:12:54,0,147.797,N,SOUTH
5acdaa66-2e0e-44fa-9b05-8e4d915326ad,CUST0000028,DATA,3539005856154,3156639792551,TWR00109,2026-08-29 08:55:08,2026-08-29 08:55:08,0,254.626,N,WEST
1e4543ba-0b54-42da-abf8-163e91a05ffa,CUST0000108,DATA,6436902837727,2896660534281,TWR00079,2026-08-29 15:50:42,2026-08-29 15:50:42,0,33.372,N,EAST
5dadc536-30c6-435d-b98c-f3cba5f81c15,CUST0000256,SMS,4416101975358,6405103880273,TWR00048,2026-08-29 05:20:45,2026-08-29 05:20:45,0,0,N,WEST
9a187f71-01db-499e-9411-a56bd2ccc45b,CUST0000254,SMS,4276362814447,8939530969067,TWR00118,2026-08-29 18:25:40,2026-08-29 18:25:40,0,0,N,NORTH
e252e00d-ec38-4625-aa24-87028d7bc4e8,CUST0000107,VOICE,4909228849874,5135872717430,TWR00051,2026-08-29 06:28:55,2026-08-29 06:37:00,485,0,N,WEST
0acfc434-1fb4-4ff8-9c8e-a4032c357808,CUST0000194,SMS,8811640343988,8738775833364,TWR00011,2026-08-29 11:16:35,2026-08-29 11:16:35,0,0,N,NORTH
cf15fdb4-5efa-47d7-8ea8-1a4e3a8ba7ed,CUST0000152,SMS,7041309091538,0282625420412,TWR00006,2026-08-29 11:14:37,2026-08-29 11:14:37,0,0,N,EAST
d4beb824-14b1-4a8c-80c7-7f5a483aee5e,CUST0000219,SMS,1905772044100,9419324538109,TWR00103,2026-08-29 13:26:23,2026-08-29 13:26:23,0,0,N,EAST
0cdf9fc1-da52-4b22-bece-9e85039b3433,CUST0000196,VOICE,9412248709872,4963225174224,TWR00010,2026-08-29 14:14:16,2026-08-29 14:36:22,1326,0,N,NORTH
b58e17de-2bfa-4c7a-8618-2d7a9c887dba,CUST0000151,DATA,4326118900346,1630702867202,TWR00011,2026-08-29 16:34:41,2026-08-29 16:34:41,0,393.151,N,NORTH
c83d8b22-a6f5-493d-af52-a71aa93ecbe7,CUST0000061,VOICE,0953662195368,0577950017325,TWR00026,2026-08-29 01:34:12,2026-08-29 01:45:40,688,0,N,EAST
7c0b600a-02d4-401c-b43d-b44e5eacab0c,CUST0000155,DATA,0739713072211,8690871672210,TWR00025,2026-08-29 21:54:17,2026-08-29 21:54:17,0,353.116,N,EAST
4d0c0867-57e0-45e2-b351-6180b0bbd1e0,CUST0000005,DATA,5461719281707,4360234422521,TWR00101,2026-08-29 09:52:22,2026-08-29 09:52:22,0,498.424,N,NORTH
3a14187d-8eb7-4d18-86fd-3108b2741134,CUST0000242,DATA,0252394120944,7269032655132,TWR00030,2026-08-29 04:55:25,2026-08-29 04:55:25,0,114.236,N,WEST
fe09e873-b491-4217-ad57-6adee1b44d1c,CUST0000120,SMS,6179480245598,1602119158912,TWR00093,2026-08-29 17:48:29,2026-08-29 17:48:29,0,0,N,EAST
72389065-d84f-41a8-b691-e597a6b85002,CUST0000044,VOICE,8649864786862,7600884474083,TWR00054,2026-08-29 06:27:49,2026-08-29 06:51:43,1434,0,N,WEST
3987e3d0-bccf-497a-a6cd-6a681ec32afa,CUST0000286,VOICE,8191907499216,0069836923534,TWR00040,2026-08-29 04:36:55,2026-08-29 04:41:22,267,0,N,NORTH
185bc34d-e74c-44b9-bc8c-3d309a4d7983,CUST0000256,DATA,8647082139865,6220212372055,TWR00054,2026-08-29 11:21:14,2026-08-29 11:21:14,0,213.434,N,EAST
666683f4-bc69-4eb0-af88-10515db46ce4,CUST0000167,SMS,3300008863467,9190088991141,TWR00119,2026-08-29 18:50:02,2026-08-29 18:50:02,0,0,N,EAST
c8f1533c-883a-4975-9617-df9f30190d51,CUST0000291,DATA,0091692327379,9060854818674,TWR00074,2026-08-29 19:58:38,2026-08-29 19:58:38,0,433.605,N,SOUTH
54ee0feb-4ec7-4c3a-b927-f2617084cc3b,CUST0000201,VOICE,3000998433611,7118151985458,TWR00043,2026-08-29 12:12:30,2026-08-29 12:16:17,227,0,N,WEST
364001d3-c15a-4cc4-9f0d-fc513c1b86bf,CUST0000156,VOICE,9420340153534,6075699944946,TWR00005,2026-08-29 03:43:35,2026-08-29 03:49:43,368,0,N,WEST
8e8720ce-7495-438c-84f1-be991470b4cc,CUST0000014,VOICE,7201082402818,2387940262085,TWR00027,2026-08-29 02:58:24,2026-08-29 03:08:10,586,0,N,NORTH
735afd7f-8a02-412f-9caf-dbcc72ec7023,CUST0000233,VOICE,7452735364235,0041291828518,TWR00111,2026-08-29 16:00:10,2026-08-29 16:11:24,674,0,N,WEST
7296c269-0f66-49ac-a836-963c00276d89,CUST0000081,DATA,6125590461007,3046600128382,TWR00062,2026-08-29 04:34:26,2026-08-29 04:34:26,0,371.828,N,SOUTH
8b26c23d-10a5-47f0-9b4f-33555d31c420,CUST0000067,DATA,1012329615120,8507665344604,TWR00091,2026-08-29 09:27:52,2026-08-29 09:27:52,0,332.732,N,EAST
d8eab29e-6d6a-44de-b233-f84fefd977b5,CUST0000104,SMS,2763460191530,7347243586176,TWR00026,2026-08-29 21:29:17,2026-08-29 21:29:17,0,0,Y,SOUTH
b5cbcda8-5478-4b08-93cc-33b1d426f3e1,CUST0000229,VOICE,2512726708666,6224197687849,TWR00068,2026-08-29 12:38:51,2026-08-29 12:47:21,510,0,N,WEST
daba73fd-da0a-497b-b81d-0a960eaf88bd,CUST0000236,SMS,7712903500618,8974223543404,TWR00037,2026-08-29 01:47:05,2026-08-29 01:47:05,0,0,N,WEST
2363fbf5-a7a9-4dc0-bb4d-af3f0bc8b6a6,CUST0000178,DATA,6821215649525,9206441119738,TWR00051,2026-08-29 22:50:19,2026-08-29 22:50:19,0,306.901,N,SOUTH
3aab76e1-d628-4c0e-83c3-8a7f865b5a15,CUST0000213,VOICE,8273063435948,1884968066405,TWR00050,2026-08-29 19:46:27,2026-08-29 20:02:09,942,0,N,SOUTH
34f19a3b-a675-43f5-b097-57cd95522d4f,CUST0000292,VOICE,1021254341230,6049860372186,TWR00021,2026-08-29 22:02:15,2026-08-29 22:32:02,1787,0,N,EAST
731d8c51-28b6-4728-a817-35ffb30115d1,CUST0000035,DATA,0320319789990,1400347131719,TWR00117,2026-08-29 23:57:13,2026-08-29 23:57:13,0,247.25,N,NORTH
f23e29d7-4c8c-45a8-b93d-95e074849882,CUST0000189,VOICE,8601625908419,7855011375358,TWR00042,2026-08-29 03:32:49,2026-08-29 03:59:30,1601,0,N,SOUTH
983d3000-3e60-496f-a8ff-3ca878dd5eeb,CUST0000130,VOICE,1072887807279,3716160881972,TWR00082,2026-08-29 01:29:01,2026-08-29 01:31:35,154,0,N,WEST
b6558566-cbb7-4578-b61c-d019fdf3a733,CUST0000196,VOICE,3996477183753,7681024808557,TWR00005,2026-08-29 12:54:12,2026-08-29 13:07:49,817,0,Y,NORTH
86862a8f-c8ac-4fa9-b9de-0b9fa9d8ed62,CUST0000070,VOICE,0244323622169,6968574670675,TWR00009,2026-08-29 23:29:31,2026-08-29 23:45:20,949,0,N,SOUTH
2a9c80b8-994f-4825-8f2b-ff0fafaf96ba,CUST0000225,VOICE,6913952150164,6107033508424,TWR00108,2026-08-29 08:53:10,2026-08-29 08:59:04,354,0,Y,NORTH
dc876cf3-07cd-4a57-a50a-8cd184358592,CUST0000091,VOICE,1983924848130,4169105302151,TWR00010,2026-08-29 17:47:25,2026-08-29 17:53:14,349,0,N,NORTH
a8693ddf-5960-419e-b199-fd50b62f9fc0,CUST0000140,VOICE,7586463395348,1050147642789,TWR00005,2026-08-29 11:11:13,2026-08-29 11:35:41,1468,0,N,SOUTH
3dea6bc7-f898-42cd-8ec9-3525c6dca9f0,CUST0000227,DATA,1573855128177,1239597815542,TWR00083,2026-08-29 20:51:33,2026-08-29 20:51:33,0,331.607,N,NORTH
080ab8f2-399b-4d90-81cd-4e4e1fcccc78,CUST0000200,DATA,0972360244654,7720517107308,TWR00001,2026-08-29 14:03:38,2026-08-29 14:03:38,0,25.284,N,SOUTH
45702970-0a16-4bf5-9d19-b9c982aff4ca,CUST0000128,SMS,1564783703175,3802741485726,TWR00003,2026-08-29 07:12:05,2026-08-29 07:12:05,0,0,N,NORTH
d02e67b2-ae58-483a-bdbc-021532cb0c94,CUST0000173,DATA,2925468627288,0766420763271,TWR00029,2026-08-29 21:42:04,2026-08-29 21:42:04,0,479.414,N,SOUTH
b9ff9956-5ecf-40a3-b72c-e2190258406d,CUST0000086,VOICE,5386762592386,9060488693205,TWR00042,2026-08-29 16:06:52,2026-08-29 16:18:06,674,0,N,SOUTH
e6a8ce01-fdb0-4cb9-8c61-7348b47a56d1,CUST0000107,DATA,3405089273961,9764053567078,TWR00030,2026-08-29 12:27:07,2026-08-29 12:27:07,0,107.676,N,SOUTH
7ad52989-9249-4311-8e89-72f54ee658e0,CUST0000008,SMS,7554261903842,7362732022271,TWR00028,2026-08-29 10:00:24,2026-08-29 10:00:24,0,0,N,NORTH
da4b13f0-13cb-47e2-9093-414b19f82c11,CUST0000143,DATA,1757691716204,9851448698305,TWR00114,2026-08-29 11:02:04,2026-08-29 11:02:04,0,110.062,N,WEST
0c328ac0-9fff-49c4-b874-e5714b0b0e77,CUST0000053,DATA,1690392202698,1426471068017,TWR00013,2026-08-29 18:10:16,2026-08-29 18:10:16,0,300.334,N,WEST
69729f65-2356-4331-8874-320487943861,CUST0000069,VOICE,0316370500493,2672446931729,TWR00041,2026-08-29 20:48:56,2026-08-29 21:12:29,1413,0,N,WEST
ffbfd41a-257c-4492-bceb-bac590f308e5,CUST0000035,VOICE,7638083906540,5998519393272,TWR00049,2026-08-29 19:58:37,2026-08-29 20:14:01,924,0,N,SOUTH
2c4142fb-f197-4fca-924a-34b86a3681eb,CUST0000258,SMS,2812916350496,2667652728453,TWR00079,2026-08-29 00:14:01,2026-08-29 00:14:01,0,0,N,NORTH
9ff3c89b-af74-4f13-8255-a6fbd78da8b0,CUST0000159,VOICE,4995070886406,5602080192902,TWR00011,2026-08-29 13:48:15,2026-08-29 14:09:29,1274,0,N,EAST
37637781-dee8-4f04-9ef1-a03e2454168f,CUST0000256,VOICE,1543904489093,2533320235102,TWR00005,2026-08-29 04:24:13,2026-08-29 04:46:12,1319,0,N,WEST
f94e3a94-9521-4420-b321-22151fbfdf4e,CUST0000169,VOICE,5501935450369,3933324362962,TWR00006,2026-08-29 10:41:50,2026-08-29 11:07:52,1562,0,N,WEST
7d5d654e-7cd8-4fc4-8275-d3e56e92d1b6,CUST0000148,DATA,8059831244129,7596599920123,TWR00043,2026-08-29 07:54:46,2026-08-29 07:54:46,0,172.021,N,NORTH
2eaa254e-1e45-4719-a3dc-df44478ad1a5,CUST0000128,DATA,6317749542106,9419375919226,TWR00078,2026-08-29 22:46:14,2026-08-29 22:46:14,0,436.48,N,SOUTH
45906171-25de-4a4b-a7d0-2dfb19ef3b41,CUST0000227,DATA,1317536264752,4612096173009,TWR00009,2026-08-29 02:55:31,2026-08-29 02:55:31,0,476.877,N,SOUTH
27645061-5abd-49fb-830a-2f239887cd2a,CUST0000105,VOICE,8452403211535,0514321914308,TWR00102,2026-08-29 05:37:35,2026-08-29 06:06:02,1707,0,N,SOUTH
8e272c57-ab20-4cc5-929a-1fcbe395e8ce,CUST0000260,VOICE,7972479254221,4581920487706,TWR00093,2026-08-29 23:29:19,2026-08-29 23:35:00,341,0,N,WEST
0d59d5fc-5135-4908-ab66-0fde29cf5970,CUST0000091,DATA,6933329986515,2578464085858,TWR00058,2026-08-29 09:18:36,2026-08-29 09:18:36,0,483.895,N,WEST
10d131b0-86e3-4ec8-b500-412585d65c64,CUST0000041,DATA,8256726208467,9254355196282,TWR00022,2026-08-29 11:25:24,2026-08-29 11:25:24,0,235.886,N,WEST
d39eb62b-7d88-4d5b-893b-f62f1ab28682,CUST0000080,DATA,2501825624728,3942012234149,TWR00049,2026-08-29 15:01:48,2026-08-29 15:01:48,0,214.271,N,EAST
bc60bcbf-26a6-4f8e-a4c3-4094aa3d0551,CUST0000276,VOICE,9009662702660,5095632174003,TWR00060,2026-08-29 23:11:16,2026-08-29 23:24:20,784,0,N,EAST
705c1247-3569-4a9f-965a-c1eef9862ff5,CUST0000193,SMS,0193353892224,1193600608277,TWR00018,2026-08-29 15:04:21,2026-08-29 15:04:21,0,0,N,SOUTH
f37306cb-b39b-4ff3-ae1f-4d45e40cf80c,CUST0000080,DATA,5646160762643,0095372346176,TWR00065,2026-08-29 00:00:55,2026-08-29 00:00:55,0,365.454,N,WEST
adef69db-5c0b-41f0-8322-13b2181b4a3c,CUST0000213,DATA,3133610944164,3165441372776,TWR00063,2026-08-29 23:23:24,2026-08-29 23:23:24,0,154.598,N,NORTH
d60c5b43-dc8a-449a-8973-7ddee9a25382,CUST0000210,DATA,7606349429046,7551887017999,TWR00073,2026-08-29 03:24:59,2026-08-29 03:24:59,0,82.019,N,EAST
8b3f492c-d629-4b10-b6db-72925e709773,CUST0000179,SMS,2420248374441,2345653869479,TWR00048,2026-08-29 15:40:44,2026-08-29 15:40:44,0,0,N,WEST
6b7ce2c8-2f4f-441c-9706-660c3aa626eb,CUST0000218,DATA,2548536268904,2386410095385,TWR00118,2026-08-29 07:30:02,2026-08-29 07:30:02,0,406.75,N,NORTH
cb32685d-4381-4488-8f0b-c247a8e8f956,CUST0000076,VOICE,7421643599009,7814604761437,TWR00032,2026-08-29 14:43:09,2026-08-29 14:51:54,525,0,N,SOUTH
ef734bb6-6472-44db-93b4-a4ebcab47201,CUST0000007,VOICE,4370661875646,2636815418589,TWR00051,2026-08-29 02:41:45,2026-08-29 02:54:57,792,0,N,NORTH
e2ea30f0-b2da-4dbb-9e40-71dc9dc65f52,CUST0000266,DATA,0277291084507,0435660503374,TWR00055,2026-08-29 13:10:53,2026-08-29 13:10:53,0,127.183,N,WEST
d031ad7d-1b2b-4eb2-99cd-5dd8993993b6,CUST0000158,DATA,9833067730671,2266794190878,TWR00014,2026-08-29 23:55:05,2026-08-29 23:55:05,0,318.454,N,EAST
5af66bfd-a77b-4bba-9b17-8a9e5fbe030b,CUST0000074,VOICE,5385906739634,8987605504922,TWR00090,2026-08-29 06:59:47,2026-08-29 07:13:27,820,0,N,SOUTH
b769377b-b1e6-4a24-8073-cd288405346f,CUST0000252,VOICE,7048618670663,0162907399289,TWR00068,2026-08-29 02:49:44,2026-08-29 03:04:04,860,0,N,EAST
8f40cbea-5726-4aa3-b419-cc37dc54da05,CUST0000221,VOICE,9827182653371,0864942694203,TWR00026,2026-08-29 11:11:45,2026-08-29 11:16:25,280,0,N,NORTH
d85dc5dd-2981-465f-9157-9e5703107e67,CUST0000231,SMS,1354901459967,6921958730549,TWR00008,2026-08-29 06:11:12,2026-08-29 06:11:12,0,0,N,SOUTH
e10819ae-c5b5-41e1-9831-f5a1d89bd80f,CUST0000133,DATA,4388430217816,8066431589016,TWR00117,2026-08-29 13:28:40,2026-08-29 13:28:40,0,312.586,N,SOUTH
cb097ad2-dda3-48fe-b779-25d66fbc3de2,CUST0000041,VOICE,9281503701709,6407030880817,TWR00044,2026-08-29 12:07:17,2026-08-29 12:09:33,136,0,Y,SOUTH
604f3f08-2da5-40f4-9eee-2e0aa01e28c5,CUST0000245,SMS,6282968244850,7288959274116,TWR00035,2026-08-29 03:00:03,2026-08-29 03:00:03,0,0,N,NORTH
6e68628c-ceb4-48cb-9caf-5dd2d9572c73,CUST0000299,DATA,6919612766208,8203917026344,TWR00067,2026-08-29 01:06:13,2026-08-29 01:06:13,0,396.101,N,EAST
a471ffa8-9a52-4c6b-b60d-228ccc170bcb,CUST0000249,SMS,3596245870120,2425369091237,TWR00044,2026-08-29 10:38:27,2026-08-29 10:38:27,0,0,N,EAST
37b719bf-32eb-4605-8cb3-8fbf95c08ef2,CUST0000162,DATA,3028497603967,2436524055364,TWR00049,2026-08-29 11:42:25,2026-08-29 11:42:25,0,305.794,N,EAST
9a587db0-a5e5-46a0-864b-7c8499ec6b76,CUST0000052,VOICE,8754036488215,7385466232360,TWR00114,2026-08-29 22:25:46,2026-08-29 22:54:21,1715,0,N,NORTH
29c353be-02f2-41e8-8b25-8c2245448c67,CUST0000063,DATA,6799864912594,2204298622699,TWR00105,2026-08-29 08:44:48,2026-08-29 08:44:48,0,125.02,N,WEST
162d196b-8ee1-48bb-9aaf-3de530582f0b,CUST0000264,SMS,0666179962356,9983358768877,TWR00105,2026-08-29 06:00:40,2026-08-29 06:00:40,0,0,N,EAST
03ad74dc-8514-4a42-9b61-d43e68ce9de5,CUST0000024,DATA,9256041348208,9315398391226,TWR00057,2026-08-29 23:20:43,2026-08-29 23:20:43,0,117.546,N,NORTH
6f0ef7b4-4861-4e8a-9bd2-1e6e706bf2c4,CUST0000179,SMS,0014407629143,4913410389752,TWR00090,2026-08-29 15:42:54,2026-08-29 15:42:54,0,0,N,WEST
b042e15c-0224-4328-b6fb-d90a3074e70b,CUST0000151,DATA,2099865642240,9208235309766,TWR00067,2026-08-29 22:09:55,2026-08-29 22:09:55,0,438.241,N,NORTH
508cfb03-f4e9-4fa2-ab8e-50f7b861b551,CUST0000066,SMS,9489629805682,1753079661869,TWR00087,2026-08-29 02:19:53,2026-08-29 02:19:53,0,0,N,WEST
84325fc8-f8a3-450e-82f5-ec794aca4463,CUST0000087,DATA,7240434741253,3795610077732,TWR00070,2026-08-29 03:30:42,2026-08-29 03:30:42,0,121.21,N,NORTH
f01450c0-36a1-48f1-aafd-38e7a3d2511e,CUST0000055,SMS,7503619202599,9387337034244,TWR00119,2026-08-29 22:01:10,2026-08-29 22:01:10,0,0,N,WEST
4fc70140-72bb-4edc-a949-eedf9d34f114,CUST0000144,VOICE,7489047607862,5107651917085,TWR00016,2026-08-29 08:42:30,2026-08-29 09:05:28,1378,0,N,WEST
6963606e-ae31-4a80-a795-af9992e76121,CUST0000047,DATA,7328951456340,8580558115744,TWR00120,2026-08-29 10:55:14,2026-08-29 10:55:14,0,288.41,N,NORTH
a63125fa-4f3a-4202-9434-3a39558059de,CUST0000176,SMS,5391607700409,0454184039822,TWR00093,2026-08-29 22:47:47,2026-08-29 22:47:47,0,0,N,WEST
ccaf31d9-c2db-485f-b9d3-6551413a077b,CUST0000120,VOICE,8039662038588,4078802652951,TWR00012,2026-08-29 03:18:05,2026-08-29 03:21:58,233,0,N,SOUTH
70cd1b9d-fcd1-416b-8259-402c93c8f396,CUST0000060,SMS,4693335623039,4408806708987,TWR00049,2026-08-29 04:54:20,2026-08-29 04:54:20,0,0,N,NORTH
a9965a76-14d2-4918-b472-a57d7c0a9916,CUST0000160,VOICE,9201991843113,6611584858052,TWR00055,2026-08-29 17:12:54,2026-08-29 17:26:13,799,0,N,EAST
6dd6e28e-2c2c-43a9-a5c6-1a6c860c063b,CUST0000065,SMS,3211960472205,9707745447082,TWR00014,2026-08-29 19:37:14,2026-08-29 19:37:14,0,0,N,WEST
c715b13e-eec1-46ad-9f16-eccc068ccb08,CUST0000162,VOICE,1714619953946,6626235960530,TWR00088,2026-08-29 09:53:14,2026-08-29 10:10:22,1028,0,N,EAST
cf674152-7232-4d1f-a8c7-5a00c75c535e,CUST0000075,DATA,6184025787036,0506306636050,TWR00041,2026-08-29 22:02:38,2026-08-29 22:02:38,0,155.137,N,NORTH
7ebef51a-a683-4268-a300-9d0e97ae5baf,CUST0000141,DATA,8164098910390,2030252094523,TWR00081,2026-08-29 22:36:30,2026-08-29 22:36:30,0,414.515,N,WEST
6b6efd6c-0c0b-4064-917b-4efe81b9cedf,CUST0000031,DATA,5979531926009,0275745449205,TWR00092,2026-08-29 10:09:52,2026-08-29 10:09:52,0,106.096,N,SOUTH
ec5dbfae-d1b1-40ed-a5af-05b3fe9f61ea,CUST0000027,DATA,8944538118081,5583445662295,TWR00094,2026-08-29 05:54:31,2026-08-29 05:54:31,0,196.512,N,SOUTH
3034316e-2b9c-48f2-8c3e-de9256fd2191,CUST0000012,SMS,1797056603616,4860704726602,TWR00061,2026-08-29 10:27:43,2026-08-29 10:27:43,0,0,N,WEST
5b2def91-2f28-4ec5-9a2c-ed20ddf078d4,CUST0000201,VOICE,5158501530173,6715605879052,TWR00119,2026-08-29 23:18:18,2026-08-29 23:42:09,1431,0,N,WEST
522d35b2-31b4-442e-9115-b0c3c932960c,CUST0000050,VOICE,4413395479406,5315790571918,TWR00109,2026-08-29 18:55:51,2026-08-29 18:57:46,115,0,N,EAST
1cbf2d51-c4bc-438b-ac6f-8f43763ae493,CUST0000235,DATA,6469365618335,4876805702377,TWR00090,2026-08-29 18:08:28,2026-08-29 18:08:28,0,241.738,N,SOUTH
a116b301-a5e5-49e6-93b2-efa45e7fae69,CUST0000112,DATA,8430192209567,3329732396440,TWR00002,2026-08-29 06:47:41,2026-08-29 06:47:41,0,181.751,N,NORTH
c38ec7c4-660b-480c-9c21-14e4310fa5fb,CUST0000076,SMS,8253267699242,7392385202320,TWR00022,2026-08-29 13:43:53,2026-08-29 13:43:53,0,0,N,NORTH
208ada27-1c98-44d1-b0e6-729e4cca611e,CUST0000183,DATA,4016933284423,7199829075515,TWR00066,2026-08-29 05:03:07,2026-08-29 05:03:07,0,325.399,N,SOUTH
88435c39-4d99-4145-86b3-7a14148ed979,CUST0000207,VOICE,5260756999138,1006433226227,TWR00039,2026-08-29 03:15:25,2026-08-29 03:32:10,1005,0,N,SOUTH
b6599e32-f994-4bc0-892c-ce08be2e1141,CUST0000193,DATA,7733168066470,0385036059529,TWR00100,2026-08-29 21:42:05,2026-08-29 21:42:05,0,232.373,N,WEST
755cbf24-b4ed-428e-b050-66404925b47c,CUST0000141,DATA,2410740274067,8267625906200,TWR00016,2026-08-29 14:23:00,2026-08-29 14:23:00,0,59.197,N,SOUTH
e3fc4100-ca65-4509-917a-3c5f463bb48a,CUST0000012,SMS,6385646149745,9318399798491,TWR00089,2026-08-29 18:30:17,2026-08-29 18:30:17,0,0,N,SOUTH
c2e8fe94-3a8e-45b3-a0a5-ec9c030c5019,CUST0000197,SMS,9860995504932,6432239461212,TWR00039,2026-08-29 20:44:27,2026-08-29 20:44:27,0,0,N,NORTH
95300d67-c017-4bfd-b131-7147364b9e06,CUST0000167,VOICE,1594853400127,2239847422567,TWR00090,2026-08-29 17:11:25,2026-08-29 17:39:14,1669,0,Y,WEST
f94ab4ae-f468-4e4a-8cad-9a46e4462293,CUST0000033,SMS,1888223788705,1680613495647,TWR00105,2026-08-29 18:34:45,2026-08-29 18:34:45,0,0,N,NORTH
e2d0b6c2-20e1-485e-9377-7824a3de9593,CUST0000107,DATA,6058679496383,9723610809261,TWR00077,2026-08-29 03:11:55,2026-08-29 03:11:55,0,347.913,Y,WEST
04bccdcc-b524-4d56-b84e-edac4ff3c4f9,CUST0000161,VOICE,6201655578645,8655575124764,TWR00021,2026-08-29 04:36:13,2026-08-29 04:58:34,1341,0,N,EAST
31545374-6a9c-4fdf-a25d-baa2242e9ab1,CUST0000018,VOICE,0068758682405,6654512244418,TWR00070,2026-08-29 03:32:19,2026-08-29 03:44:48,749,0,N,NORTH
28e5fe96-03c4-43a6-b475-49677c8632c5,CUST0000128,VOICE,4023386860835,0170363094423,TWR00085,2026-08-29 16:57:50,2026-08-29 17:07:55,605,0,N,SOUTH
7a7a7dc2-74b4-43cc-bfa2-2e41899247b2,CUST0000296,SMS,0205089830941,4909619797972,TWR00046,2026-08-29 10:33:58,2026-08-29 10:33:58,0,0,N,SOUTH
abc6c898-7e51-41db-b8f3-ea35ee71b100,CUST0000051,DATA,5284135694804,0735674809573,TWR00025,2026-08-29 01:15:02,2026-08-29 01:15:02,0,71.692,N,SOUTH
679674ff-ab46-45fb-9e9b-2dd775b4134a,CUST0000069,DATA,0598026029442,3158925849073,TWR00036,2026-08-29 06:37:22,2026-08-29 06:37:22,0,65.118,N,NORTH
1560fff5-d6b0-4d0c-853b-7165991e69d1,CUST0000282,VOICE,2031977748675,1418648230882,TWR00052,2026-08-29 12:41:57,2026-08-29 12:47:36,339,0,N,EAST
b77b62ae-33a9-43d9-86e9-353362a567ba,CUST0000218,DATA,8684196233260,8694276748317,TWR00010,2026-08-29 04:34:13,2026-08-29 04:34:13,0,315.155,N,SOUTH
b32f2847-792d-4ee3-8047-20ca5451e173,CUST0000191,SMS,0662931518178,4265594698906,TWR00078,2026-08-29 20:52:32,2026-08-29 20:52:32,0,0,N,SOUTH
99218560-8e4d-4745-b318-d0cf3b9885cf,CUST0000162,DATA,3272371798902,3790065487084,TWR00078,2026-08-29 13:24:01,2026-08-29 13:24:01,0,124.501,N,NORTH
58271752-76f1-4e00-bd5a-8dc5be055610,CUST0000281,SMS,7954176755398,8890737815915,TWR00047,2026-08-29 10:40:05,2026-08-29 10:40:05,0,0,N,EAST
f9bb9af1-73d8-4134-9e29-af644c9f0bbc,CUST0000075,DATA,9089458962683,8876380207612,TWR00013,2026-08-29 07:17:00,2026-08-29 07:17:00,0,189.201,N,WEST
975e0629-30da-4813-8a78-94f778fc6bb3,CUST0000054,DATA,9612190518812,1820706690107,TWR00094,2026-08-29 03:11:33,2026-08-29 03:11:33,0,437.88,N,WEST
b280d0f3-c256-406d-a47f-827c25d03bff,CUST0000049,SMS,3729826893348,4970350675789,TWR00037,2026-08-29 22:36:55,2026-08-29 22:36:55,0,0,N,NORTH
9de91fa8-28dd-4d77-9af3-440c811e235e,CUST0000025,VOICE,8335570773123,5550570521879,TWR00095,2026-08-29 12:11:22,2026-08-29 12:38:57,1655,0,N,WEST
bfd7afce-ab1f-4dac-8a43-4ea06275ec38,CUST0000245,SMS,8444045883114,4701235036871,TWR00066,2026-08-29 08:00:43,2026-08-29 08:00:43,0,0,N,SOUTH
51e1ce33-19d4-44d9-838a-d4e1f130d36f,CUST0000074,SMS,6891097797802,4456844679403,TWR00118,2026-08-29 23:17:03,2026-08-29 23:17:03,0,0,N,EAST
2d3b4415-d3cb-4a61-a6d3-8ca70bc7ffd2,CUST0000128,DATA,6401632957378,1597572927318,TWR00024,2026-08-29 13:45:29,2026-08-29 13:45:29,0,220.041,N,WEST
ba2f6906-539d-4134-8ff9-88689bcfb7b4,CUST0000258,VOICE,8302915854233,4165185483966,TWR00030,2026-08-29 13:33:45,2026-08-29 14:01:37,1672,0,N,NORTH
9b9e73e3-3775-4f8a-ab48-8d907d0b1a1b,CUST0000157,SMS,7344674621595,1749161705022,TWR00082,2026-08-29 10:54:05,2026-08-29 10:54:05,0,0,N,SOUTH
fe2bbf19-9514-4fc0-80e5-3ba8863b9451,CUST0000048,VOICE,8169814134476,9483774029286,TWR00071,2026-08-29 01:05:47,2026-08-29 01:15:37,590,0,N,NORTH
656a34b3-e37f-4a4a-8b97-42b1a76eb067,CUST0000218,DATA,3302650996218,6677196666102,TWR00064,2026-08-29 23:08:30,2026-08-29 23:08:30,0,257.991,N,NORTH
55b1f00f-158b-4d40-ad63-a5753fa20836,CUST0000208,VOICE,6342022234998,1376836759017,TWR00001,2026-08-29 06:58:53,2026-08-29 07:24:25,1532,0,N,EAST
4f963f8e-c0ab-4b31-a8ca-026e677c7ccf,CUST0000126,DATA,9152446144092,3517465642601,TWR00113,2026-08-29 21:58:52,2026-08-29 21:58:52,0,472.526,N,NORTH
ea3002a8-3354-4d07-a961-23e07652bac2,CUST0000230,DATA,3726319956955,2776414900385,TWR00098,2026-08-29 21:59:56,2026-08-29 21:59:56,0,262.235,N,NORTH
837a4f86-fa01-4638-adea-9d497b060345,CUST0000188,DATA,2551344486722,9047331454615,TWR00055,2026-08-29 16:22:03,2026-08-29 16:22:03,0,248.258,N,NORTH
f7930777-21f7-4f84-bf8f-9e6803fdea58,CUST0000174,DATA,4932511497887,3120409543776,TWR00109,2026-08-29 07:53:34,2026-08-29 07:53:34,0,383.441,N,EAST
d0550564-eb04-4b27-aed6-61f442642af1,CUST0000248,VOICE,1830858001873,4391511436786,TWR00073,2026-08-29 06:00:47,2026-08-29 06:22:24,1297,0,N,EAST
67e735a3-5e29-464d-a506-dfcd5958ba52,CUST0000264,DATA,1078187109685,4257068026933,TWR00115,2026-08-29 01:59:29,2026-08-29 01:59:29,0,309.257,N,EAST
9ce72147-de23-4a92-b5c2-97fefb8ad669,CUST0000004,DATA,5423060023028,5505224114206,TWR00014,2026-08-29 10:19:22,2026-08-29 10:19:22,0,3.572,N,SOUTH
063f6bee-0441-49cc-ac61-b8703add82f9,CUST0000206,SMS,7015145992016,3382222400539,TWR00026,2026-08-29 03:27:31,2026-08-29 03:27:31,0,0,N,SOUTH
0f0e3277-98b3-4612-846c-27ca5db1b63b,CUST0000211,VOICE,2205620190113,8433913325286,TWR00085,2026-08-29 15:00:09,2026-08-29 15:26:29,1580,0,N,WEST
338e70dd-588d-4cb2-8fbe-f7d543a3cbbd,CUST0000203,SMS,3239456452342,4497602498663,TWR00024,2026-08-29 11:27:57,2026-08-29 11:27:57,0,0,N,EAST
72627640-64b5-4158-801f-35ff347fd3f8,CUST0000056,DATA,2095367734985,9735615266559,TWR00021,2026-08-29 21:53:28,2026-08-29 21:53:28,0,70.797,N,NORTH
471e376d-97ac-40b2-bbd8-47f805ca1fcb,CUST0000184,DATA,4762538096641,7533695247466,TWR00025,2026-08-29 22:12:07,2026-08-29 22:12:07,0,143.165,N,WEST
4897ed07-1c9c-45a7-a3d9-486c3ae1f4eb,CUST0000170,DATA,3538962985324,6792415712763,TWR00062,2026-08-29 05:42:12,2026-08-29 05:42:12,0,479.89,N,NORTH
6cc0eb47-f3dd-470b-8a14-62c04d9e41d1,CUST0000216,SMS,5434685863906,6824979399816,TWR00092,2026-08-29 15:51:43,2026-08-29 15:51:43,0,0,N,WEST
657482de-1183-4c47-ba1e-b96295223814,CUST0000257,DATA,5381168371030,3726072014896,TWR00050,2026-08-29 23:53:52,2026-08-29 23:53:52,0,66.577,N,NORTH
c8fbca2f-16bd-4e11-984e-17a8ed53a71e,CUST0000065,VOICE,8082649312146,9476254292645,TWR00031,2026-08-29 16:00:49,2026-08-29 16:24:15,1406,0,N,EAST
e9a94217-a148-4e10-873a-05d1034ba740,CUST0000220,DATA,3391729940369,8112664971967,TWR00062,2026-08-29 23:00:27,2026-08-29 23:00:27,0,145.444,N,WEST
559111e0-a5fb-4b3e-a791-d5045c815e39,CUST0000127,DATA,6833539101612,9016399490133,TWR00032,2026-08-29 23:32:11,2026-08-29 23:32:11,0,141.288,N,EAST
82fc4870-8eaf-4bdc-bf6a-a65fe00d770c,CUST0000127,DATA,4437673481409,1016793014811,TWR00091,2026-08-29 13:12:30,2026-08-29 13:12:30,0,391.576,N,SOUTH
abdf67b1-6b80-44bf-8c49-f819c07a77b3,CUST0000097,DATA,0499100420288,6168019903421,TWR00020,2026-08-29 18:40:40,2026-08-29 18:40:40,0,115.463,N,NORTH
a7b8bfae-f77b-4d86-a75a-ec6950538a95,CUST0000141,DATA,4854842035316,7917913860157,TWR00079,2026-08-29 04:27:01,2026-08-29 04:27:01,0,100.622,N,WEST
19e97f72-856f-404f-a248-9fd00b622e0a,CUST0000209,SMS,1713219402470,8814112874527,TWR00029,2026-08-29 22:40:14,2026-08-29 22:40:14,0,0,N,WEST
9fcf231a-f76b-4ee4-8d76-00ce8204e7bd,CUST0000032,SMS,9367857646391,8107491619423,TWR00015,2026-08-29 20:03:19,2026-08-29 20:03:19,0,0,N,EAST
77d78418-083f-42b5-9d33-c2df45de7f8b,CUST0000180,DATA,1540131535069,2616845525274,TWR00007,2026-08-29 07:20:57,2026-08-29 07:20:57,0,91.694,Y,EAST
0f14e263-1d8a-4121-a514-09221e8eb634,CUST0000109,VOICE,0254717989948,6694899300519,TWR00056,2026-08-29 08:58:38,2026-08-29 09:02:09,211,0,N,WEST
de87e028-7b8e-44c3-a71e-27c4ffd2a856,CUST0000187,VOICE,6756355842271,2662565046070,TWR00088,2026-08-29 03:06:42,2026-08-29 03:07:14,32,0,N,SOUTH
b154be44-7dad-4307-ac52-b005f20cc5a9,CUST0000170,SMS,1441306862408,1006689041728,TWR00076,2026-08-29 11:47:49,2026-08-29 11:47:49,0,0,N,EAST
f412366c-2953-45f0-b2a0-cd2dcb9abda7,CUST0000122,DATA,0762381152232,2282408475283,TWR00012,2026-08-29 06:37:24,2026-08-29 06:37:24,0,443.71,N,NORTH
613abf0b-5de5-48ba-817e-57c8f6682ea3,CUST0000022,SMS,9994004108479,3511350535722,TWR00025,2026-08-29 20:52:12,2026-08-29 20:52:12,0,0,N,NORTH
243e89c6-60a4-4c09-9e66-63640af7736d,CUST0000039,DATA,0641578097830,8010419453419,TWR00093,2026-08-29 19:21:19,2026-08-29 19:21:19,0,237.625,N,SOUTH
225d40cc-fb67-4df9-8cb1-58dbc70a6029,CUST0000023,VOICE,2814478674280,1889306357803,TWR00115,2026-08-29 13:35:45,2026-08-29 13:44:27,522,0,N,EAST
23eeaa88-67e6-4c17-aedd-e6325ef0918c,CUST0000188,SMS,8912139743699,5585575994084,TWR00056,2026-08-29 22:07:58,2026-08-29 22:07:58,0,0,N,WEST
6290f9dc-1e0c-4920-b8bb-587499269c76,CUST0000269,DATA,9069690452898,0610656733745,TWR00022,2026-08-29 16:50:01,2026-08-29 16:50:01,0,299.978,N,SOUTH
23812994-33d6-4820-a964-14992bb3ac72,CUST0000149,VOICE,0165276136814,2530843769929,TWR00025,2026-08-29 18:03:50,2026-08-29 18:27:35,1425,0,N,WEST
8f83a64e-55f8-4bce-89e8-0a4adbbe528b,CUST0000254,DATA,4447725084232,2348004172415,TWR00057,2026-08-29 16:04:10,2026-08-29 16:04:10,0,375.613,N,WEST
04d6887b-1ea9-4f3b-85e1-031321770362,CUST0000206,DATA,3691585574906,7960242570333,TWR00021,2026-08-29 06:11:00,2026-08-29 06:11:00,0,286.377,N,NORTH
9649776a-75ed-4214-8aee-9429ef21385e,CUST0000263,SMS,9594523158286,0402966299172,TWR00034,2026-08-29 22:46:33,2026-08-29 22:46:33,0,0,N,SOUTH
5d064a71-ead9-469a-b082-dbf6c7d9eb11,CUST0000152,DATA,7429220416782,5392669370632,TWR00029,2026-08-29 17:07:10,2026-08-29 17:07:10,0,23.761,N,NORTH
eae66ad6-456f-4677-9c99-848c48243581,CUST0000076,DATA,0313928048502,0619019333593,TWR00035,2026-08-29 08:59:08,2026-08-29 08:59:08,0,436.818,N,SOUTH
522e6976-e685-4d0a-a653-244b4396e55d,CUST0000108,SMS,9719000029561,2256471855940,TWR00081,2026-08-29 00:41:22,2026-08-29 00:41:22,0,0,N,EAST
a37f7c2c-7e2d-41ff-b3f5-84d9d2c36a4a,CUST0000167,VOICE,9923045323167,8145647437019,TWR00093,2026-08-29 22:56:35,2026-08-29 23:05:40,545,0,N,EAST
ee7ed1a5-4ec6-490b-aa84-18f9a42a7da5,CUST0000167,DATA,5391177666505,7612092815780,TWR00106,2026-08-29 20:52:00,2026-08-29 20:52:00,0,178.386,N,EAST
deb11771-0893-476b-a227-65757d5604a7,CUST0000091,VOICE,1902231167870,7635322371859,TWR00100,2026-08-29 00:34:42,2026-08-29 01:04:24,1782,0,N,NORTH
60746d53-2732-4f05-866b-c1f7b42e13f4,CUST0000196,DATA,1268485637114,9430003753989,TWR00082,2026-08-29 08:55:40,2026-08-29 08:55:40,0,302.567,N,WEST
3a485648-0d2b-4117-ad94-8718cc93cd08,CUST0000113,VOICE,3132465986693,7841783765915,TWR00110,2026-08-29 06:37:40,2026-08-29 07:05:19,1659,0,N,SOUTH
f181cce0-1b51-493e-aaf5-648e2c1d4c95,CUST0000229,VOICE,8201140652664,6735127245533,TWR00116,2026-08-29 23:27:23,2026-08-29 23:32:31,308,0,N,WEST
74ccbf91-d681-469a-a155-b58fe153fc1a,CUST0000093,SMS,5656976487849,2249451046250,TWR00063,2026-08-29 05:12:36,2026-08-29 05:12:36,0,0,N,SOUTH
0d6e862e-1880-4d21-91ab-1e146078fefa,CUST0000145,VOICE,9296568512062,6729350979344,TWR00051,2026-08-29 05:56:11,2026-08-29 06:24:10,1679,0,N,SOUTH
671ea8e9-3a90-4636-83af-056de9fa5af2,CUST0000036,VOICE,1291465022347,8045797251840,TWR00052,2026-08-29 13:15:29,2026-08-29 13:37:35,1326,0,N,SOUTH
43345c75-612b-4e23-be3b-a963b37e16fb,CUST0000007,DATA,0339821478233,2094516767063,TWR00015,2026-08-29 12:24:01,2026-08-29 12:24:01,0,413.455,N,NORTH
4240a468-c1f5-40f8-ba46-66363bb3e259,CUST0000068,VOICE,3286301122008,8426483336796,TWR00077,2026-08-29 02:17:09,2026-08-29 02:38:38,1289,0,Y,NORTH
17af57d4-356a-49c6-9b1e-82a29c385ffb,CUST0000055,SMS,8289671360549,6920856490132,TWR00011,2026-08-29 10:54:45,2026-08-29 10:54:45,0,0,N,WEST
6fbabbe1-790f-4889-b688-a3d92ecd3067,CUST0000289,DATA,9519350011546,7580803889044,TWR00062,2026-08-29 05:19:21,2026-08-29 05:19:21,0,78.102,N,EAST
23e01c73-c205-4e2f-bbeb-6488add023d0,CUST0000279,VOICE,0404315668513,3814837475580,TWR00014,2026-08-29 01:06:34,2026-08-29 01:16:46,612,0,N,WEST
76f5f1c0-d4cb-40f5-b4be-b41414110569,CUST0000073,VOICE,0901685647177,0190271698837,TWR00050,2026-08-29 07:01:14,2026-08-29 07:15:53,879,0,N,EAST
f6d80b70-0917-4a7f-a229-a2476b5e7aea,CUST0000116,DATA,6115866861199,6759833261705,TWR00114,2026-08-29 21:24:43,2026-08-29 21:24:43,0,357.711,N,WEST
db877760-61c3-4195-9878-5b39def45c3b,CUST0000087,DATA,5835345819565,2853533998242,TWR00046,2026-08-29 07:06:18,2026-08-29 07:06:18,0,39.069,N,EAST
56182def-ca6b-4959-8d52-e3142bb70d3c,CUST0000044,DATA,6217758015846,8793030285327,TWR00055,2026-08-29 19:09:11,2026-08-29 19:09:11,0,265.71,N,WEST
507f5587-8943-4411-a31c-9d9b2baa4639,CUST0000077,DATA,7669834515025,8546130873089,TWR00105,2026-08-29 21:19:39,2026-08-29 21:19:39,0,144.216,N,EAST
b010a8d2-b949-44aa-b7c8-5df214553ba5,CUST0000256,DATA,2073827777118,2527863090071,TWR00092,2026-08-29 08:51:58,2026-08-29 08:51:58,0,399.543,N,SOUTH
8fcb2220-ae2b-403a-b7d9-ebf2866d92c2,CUST0000076,VOICE,1024234473057,7196199716596,TWR00101,2026-08-29 12:28:46,2026-08-29 12:56:02,1636,0,N,NORTH
330a008b-7aa9-4192-b34a-7ba9825c5a56,CUST0000058,SMS,6676409968334,0095224265379,TWR00012,2026-08-29 23:17:09,2026-08-29 23:17:09,0,0,N,SOUTH
a6990cce-b430-48fd-a570-8c751461cbb0,CUST0000094,DATA,2219143907054,3601579115010,TWR00055,2026-08-29 11:20:31,2026-08-29 11:20:31,0,241.163,N,EAST
06a45cb4-6cde-4041-bcae-a3240a148b80,CUST0000071,DATA,6260080265893,7597833548835,TWR00050,2026-08-29 20:58:15,2026-08-29 20:58:15,0,209.911,N,WEST
2f7ef8f7-f8ec-4f59-bd6a-e4b81b02830c,CUST0000273,SMS,1921496791463,6432031726652,TWR00075,2026-08-29 07:24:05,2026-08-29 07:24:05,0,0,N,SOUTH
607298cd-2537-4265-88a7-41ef9e403eb5,CUST0000045,VOICE,4685492724000,0860146051908,TWR00047,2026-08-29 00:13:54,2026-08-29 00:14:34,40,0,N,SOUTH
99f79074-ee63-4ad3-aa17-238dee455659,CUST0000057,VOICE,4327163033563,9301000908993,TWR00111,2026-08-29 11:23:54,2026-08-29 11:52:58,1744,0,N,SOUTH
def51bb1-4905-4e68-b525-46edb6ca840d,CUST0000151,SMS,8781048028354,5892909304376,TWR00054,2026-08-29 17:59:58,2026-08-29 17:59:58,0,0,N,SOUTH
e9b1f091-3ab3-4d00-9ad0-ea254c96b6a5,CUST0000029,DATA,1366280812268,5947470531105,TWR00019,2026-08-29 03:44:45,2026-08-29 03:44:45,0,189.353,Y,WEST
265fa6b3-ffd3-42b5-8372-68f1fe2ff9da,CUST0000191,VOICE,3096739798421,4269376501676,TWR00062,2026-08-29 03:42:37,2026-08-29 03:45:13,156,0,N,SOUTH
37469486-09a6-4b83-ba22-1ed324f23e7c,CUST0000016,VOICE,1877628836368,0162762922666,TWR00002,2026-08-29 04:05:15,2026-08-29 04:07:57,162,0,N,WEST
6dbf151c-7700-4c6e-afa0-a37fabc7b7e2,CUST0000077,DATA,8809376165228,7499359812559,TWR00096,2026-08-29 15:47:08,2026-08-29 15:47:08,0,264.198,N,WEST
7dfd29b0-3626-4096-9178-066374f56c06,CUST0000211,DATA,7726597640838,8050141716578,TWR00089,2026-08-29 14:50:41,2026-08-29 14:50:41,0,7.592,N,NORTH
40d5e036-4d87-46b0-a930-42fa8cba13c8,CUST0000017,DATA,9129565188711,8600500924492,TWR00002,2026-08-29 05:32:10,2026-08-29 05:32:10,0,198.799,N,WEST
6d2bbb90-33bd-4ef3-b479-322119683dae,CUST0000284,DATA,8757030293011,5018607429069,TWR00065,2026-08-29 08:58:36,2026-08-29 08:58:36,0,153.711,N,SOUTH
14509852-2156-468e-b3df-649b45019cb9,CUST0000140,DATA,2223369318062,0730242662497,TWR00096,2026-08-29 16:24:08,2026-08-29 16:24:08,0,106.72,N,SOUTH
9c8113f4-45f3-46cf-a60d-df12f7c3c324,CUST0000201,VOICE,3740571446956,4068735445345,TWR00010,2026-08-29 23:35:38,2026-08-30 00:04:26,1728,0,N,WEST
b2da28a9-3952-43ac-b99b-5f6026532955,CUST0000245,VOICE,4668865834834,5862673664853,TWR00022,2026-08-29 20:25:52,2026-08-29 20:38:56,784,0,N,EAST
c8dc5919-d6aa-43da-8ad5-0e091d0c3609,CUST0000218,VOICE,0775870894326,4436958050450,TWR00078,2026-08-29 03:06:04,2026-08-29 03:18:31,747,0,N,EAST
2d969534-9138-4966-924b-9be9d9775521,CUST0000015,VOICE,0928467200734,9390773729545,TWR00028,2026-08-29 05:34:06,2026-08-29 05:36:24,138,0,N,EAST
9ab0758c-ec1c-4021-912b-d109af31f8ec,CUST0000097,SMS,3801625851502,4502814353127,TWR00031,2026-08-29 20:59:02,2026-08-29 20:59:02,0,0,N,NORTH
3d5236be-775a-4f8a-a760-9a90dfa5d56b,CUST0000289,DATA,3379531112359,4265274286625,TWR00041,2026-08-29 15:02:03,2026-08-29 15:02:03,0,47.512,N,EAST
8b5c96be-8943-4f41-8ef2-f5b4c07db072,CUST0000145,DATA,0857383855451,6091935117455,TWR00097,2026-08-29 16:12:20,2026-08-29 16:12:20,0,195.93,N,SOUTH
9772920c-0e9a-42d0-a422-6da4da3ebd49,CUST0000050,VOICE,3706272816733,4612157562641,TWR00104,2026-08-29 23:32:06,2026-08-29 23:49:19,1033,0,N,NORTH
ee93f421-9683-4545-bd06-e02736e438c1,CUST0000196,SMS,6084818762099,6931963039951,TWR00020,2026-08-29 01:18:10,2026-08-29 01:18:10,0,0,N,NORTH
d1ea8860-5980-4d34-864e-2654251e2b63,CUST0000048,DATA,7045059982267,1234388804851,TWR00104,2026-08-29 07:56:13,2026-08-29 07:56:13,0,341.048,N,SOUTH
4f442dac-de41-4261-907a-6a22863799d9,CUST0000257,SMS,2025936450282,1342755767299,TWR00067,2026-08-29 23:38:41,2026-08-29 23:38:41,0,0,N,EAST
18951e44-d833-4b99-9b05-5787363cccb6,CUST0000230,DATA,1549044318343,9531029771150,TWR00080,2026-08-29 10:18:23,2026-08-29 10:18:23,0,428.12,N,WEST
6ffd3354-c0ed-4478-a378-383466eebf24,CUST0000123,VOICE,2917926517328,6291087392219,TWR00073,2026-08-29 19:38:04,2026-08-29 19:43:21,317,0,N,WEST
dc461b22-2061-4384-8c87-4ae1c8473f56,CUST0000050,DATA,6915737671052,7074599153044,TWR00040,2026-08-29 04:49:55,2026-08-29 04:49:55,0,274.021,N,NORTH
68e9dc08-694f-4356-8996-1847efcb5a37,CUST0000256,VOICE,0020268387890,4502958676030,TWR00021,2026-08-29 10:10:59,2026-08-29 10:21:09,610,0,N,EAST
3bc36df8-67b9-4ccd-a282-574ebc4cccfa,CUST0000181,VOICE,0934675418236,0138272105133,TWR00034,2026-08-29 05:45:49,2026-08-29 06:01:37,948,0,N,EAST
5c386e88-2c93-4550-ac73-94eaebf956d7,CUST0000227,DATA,6018422013882,3208316816360,TWR00063,2026-08-29 04:07:36,2026-08-29 04:07:36,0,20.757,N,WEST
b8a5e5b1-29ff-42d2-8d77-7f85cb19ac5b,CUST0000210,DATA,8917369078947,7200052141070,TWR00047,2026-08-29 21:08:28,2026-08-29 21:08:28,0,256.727,N,EAST
5d1161f5-f827-4da5-8973-4ae8f3c63e0f,CUST0000192,VOICE,1634850895123,0851191944545,TWR00113,2026-08-29 13:32:28,2026-08-29 13:41:31,543,0,N,NORTH
11dffc28-5b8c-44e2-97a7-523d5663aa34,CUST0000030,DATA,9729655619276,1377188626395,TWR00072,2026-08-29 07:44:52,2026-08-29 07:44:52,0,4.964,N,EAST
17bf1a5b-86e0-4f8c-b1f2-8cfc7f2a387a,CUST0000193,VOICE,1266783055737,3887402234614,TWR00050,2026-08-29 12:54:04,2026-08-29 13:01:45,461,0,N,NORTH
3faa9afb-3f85-4cba-9ccc-99a49c8710a2,CUST0000179,SMS,6627633041176,4215248319686,TWR00105,2026-08-29 20:34:57,2026-08-29 20:34:57,0,0,N,NORTH
6f17bbd0-b6b2-4e34-b7ec-21ab62f6d98b,CUST0000093,DATA,6470465689698,0368830048379,TWR00026,2026-08-29 12:49:27,2026-08-29 12:49:27,0,201.359,N,EAST
dff963b4-3d8c-4b56-87e9-0dc5fd460606,CUST0000249,VOICE,6315922912706,9341040629118,TWR00059,2026-08-29 23:30:07,2026-08-29 23:39:42,575,0,N,SOUTH
5c4aff6f-c0c6-4b63-a154-d8e7aa4a7b4b,CUST0000241,VOICE,2282471830181,9607578984974,TWR00077,2026-08-29 06:20:36,2026-08-29 06:21:45,69,0,N,NORTH
d69c1ae5-c1ac-4eeb-a1ce-4803640d4dd6,CUST0000186,DATA,9905221711486,6581898106173,TWR00028,2026-08-29 15:13:03,2026-08-29 15:13:03,0,434.142,N,WEST
6751dd8f-626b-4438-8f0c-864cb054da9f,CUST0000139,VOICE,6316312975572,1694963788119,TWR00036,2026-08-29 05:05:09,2026-08-29 05:07:35,146,0,N,EAST
3ebf2816-cc5d-4cee-906b-181294e4be80,CUST0000232,DATA,8999068201307,6753216336131,TWR00115,2026-08-29 16:13:42,2026-08-29 16:13:42,0,130.464,N,NORTH
3c6b96e5-6c50-44b0-80fd-16386200e5b2,CUST0000220,VOICE,9854900490372,4585835639981,TWR00054,2026-08-29 09:10:12,2026-08-29 09:22:12,720,0,N,SOUTH
530c31dd-b89e-4b79-995d-0c3601ba5a98,CUST0000224,SMS,7439225517419,5814762123601,TWR00106,2026-08-29 22:36:24,2026-08-29 22:36:24,0,0,Y,SOUTH
2046b10d-60f4-448b-9147-bf8fc23c79e2,CUST0000040,DATA,3994541384531,6309307968590,TWR00042,2026-08-29 18:39:09,2026-08-29 18:39:09,0,332.367,N,EAST
c8c3fbea-93f0-4ef4-a8b1-b7854b7cde33,CUST0000008,VOICE,4598724089921,7351668113397,TWR00111,2026-08-29 14:59:09,2026-08-29 15:16:16,1027,0,N,WEST
683c0a70-3055-4a81-9622-4de360ae00d0,CUST0000135,SMS,6707217340242,2419830632365,TWR00110,2026-08-29 00:28:53,2026-08-29 00:28:53,0,0,N,WEST
379b6bd4-ac77-4ebe-93e4-59db27f5235e,CUST0000297,VOICE,0181444248420,4350947651186,TWR00090,2026-08-29 06:47:12,2026-08-29 07:01:37,865,0,N,SOUTH
e006617b-2099-4977-bf41-c9d9af88cfeb,CUST0000194,VOICE,5640994147539,3705424519082,TWR00002,2026-08-29 06:12:43,2026-08-29 06:32:29,1186,0,N,EAST
63c48630-67b7-4791-84c2-de0532f6af71,CUST0000009,VOICE,1103565942992,2376669692295,TWR00016,2026-08-29 09:32:52,2026-08-29 10:02:34,1782,0,N,WEST
fc993c2a-76d0-484e-9a8f-e22ecde865a4,CUST0000212,SMS,3861941183909,4242406628346,TWR00055,2026-08-29 11:53:34,2026-08-29 11:53:34,0,0,N,EAST
07448107-c03e-415c-b3b7-05f4b93e65b9,CUST0000059,DATA,3488933437518,6940865424382,TWR00023,2026-08-29 14:27:23,2026-08-29 14:27:23,0,276.824,N,WEST
d6256de4-85fa-4c21-bbb2-0521507c75ff,CUST0000196,VOICE,9285507435095,8895947039696,TWR00082,2026-08-29 21:44:43,2026-08-29 21:59:43,900,0,N,NORTH
52df56ea-fca4-4c3d-89b4-85e720981525,CUST0000045,DATA,5359176504718,0099542887344,TWR00003,2026-08-29 03:05:41,2026-08-29 03:05:41,0,308.514,N,WEST
7fe7c3df-64b8-465a-aabe-b196284bf40c,CUST0000279,VOICE,6866798994706,7069014971103,TWR00005,2026-08-29 14:32:37,2026-08-29 15:00:12,1655,0,N,WEST
0dab1a67-2b9d-47d6-a23e-6fff2531a3ce,CUST0000109,VOICE,7156756650518,0167449234359,TWR00026,2026-08-29 14:35:24,2026-08-29 14:39:23,239,0,N,NORTH
d9cc755f-4bf1-49d0-8662-bc9bf011cf67,CUST0000180,DATA,9850450566937,4024286178925,TWR00106,2026-08-29 14:26:58,2026-08-29 14:26:58,0,322.785,N,WEST
a4314224-a25e-4385-86d1-87c4ce93a1ea,CUST0000004,DATA,1402503857626,8163849368063,TWR00035,2026-08-29 07:32:18,2026-08-29 07:32:18,0,439.924,N,WEST
23c513e8-958e-4a22-8303-a3eb4d0c5715,CUST0000124,VOICE,8530101278969,1930485277586,TWR00020,2026-08-29 13:02:00,2026-08-29 13:02:58,58,0,N,EAST
e158a550-3ad6-4a78-ad38-a8ec7e0cd260,CUST0000172,VOICE,0365620363444,9468963318123,TWR00051,2026-08-29 18:27:15,2026-08-29 18:46:18,1143,0,N,WEST
4cefd41f-41dc-49a0-a13b-ea57fea845e5,CUST0000027,DATA,5761707317445,7626263678508,TWR00082,2026-08-29 18:27:08,2026-08-29 18:27:08,0,195.815,N,WEST
f56f21fb-274b-4ff4-abba-0e10868d54f4,CUST0000163,SMS,7475944348529,3774037676874,TWR00091,2026-08-29 13:14:06,2026-08-29 13:14:06,0,0,N,NORTH
75b2055f-c688-4ee4-98f9-be3f151db41a,CUST0000296,DATA,4207675149753,1157330990009,TWR00108,2026-08-29 20:58:16,2026-08-29 20:58:16,0,276.9,N,SOUTH
654baffb-ba47-44b1-838b-29208527c18b,CUST0000048,VOICE,0656582344538,6535232660004,TWR00076,2026-08-29 13:00:40,2026-08-29 13:27:02,1582,0,N,NORTH
d48a7bee-fc8a-4cc3-8759-ca6f571774bc,CUST0000293,SMS,0911034956119,5118158374661,TWR00059,2026-08-29 23:46:08,2026-08-29 23:46:08,0,0,N,EAST
49352f8d-09ff-48e0-b67d-affbac7fdf4e,CUST0000096,VOICE,4776186870479,6682905256599,TWR00108,2026-08-29 07:19:12,2026-08-29 07:37:33,1101,0,N,WEST
60fdab60-32c0-4c7d-9479-5c9342d6f68e,CUST0000134,DATA,0891423302927,4054739862214,TWR00019,2026-08-29 08:05:59,2026-08-29 08:05:59,0,314.092,N,NORTH
fc9d27f3-5150-45eb-924c-7dd35293983c,CUST0000057,SMS,5131866047473,8914785247442,TWR00019,2026-08-29 19:07:06,2026-08-29 19:07:06,0,0,N,SOUTH
5ddc83f6-d04c-453c-92e3-a241355fb900,CUST0000048,VOICE,3594410238735,8664774131351,TWR00051,2026-08-29 11:58:53,2026-08-29 12:06:03,430,0,N,NORTH
44652e1f-e7b3-44ff-bc18-39c1f8360785,CUST0000212,VOICE,0258534658153,2178955990984,TWR00054,2026-08-29 20:04:13,2026-08-29 20:27:45,1412,0,N,EAST
fc62d3cd-2f58-4dd1-b9a1-d32c923431fc,CUST0000231,DATA,2865581675923,1934891800381,TWR00116,2026-08-29 05:19:00,2026-08-29 05:19:00,0,90.16,N,NORTH
adb7e2cf-e368-4933-81e0-2eee9b65672d,CUST0000061,DATA,6342924219597,0912185273411,TWR00077,2026-08-29 11:30:39,2026-08-29 11:30:39,0,273.695,N,EAST
325569f0-f0fd-4a9e-9ef4-4db0770fc26d,CUST0000063,VOICE,6133155530153,3044077811096,TWR00066,2026-08-29 00:34:01,2026-08-29 00:51:46,1065,0,N,SOUTH
941c5d91-f77e-4b52-9812-fd7e68933e71,CUST0000187,VOICE,9845576634541,9912699452064,TWR00029,2026-08-29 06:01:20,2026-08-29 06:06:08,288,0,N,SOUTH
efa67131-88ce-4b6d-8214-db2dbe905880,CUST0000138,VOICE,9106166910082,4216826822175,TWR00071,2026-08-29 06:05:22,2026-08-29 06:29:37,1455,0,N,WEST
fb4738fd-6d50-4497-aabb-fd38acf8aafe,CUST0000254,SMS,2699620834791,0593257228703,TWR00033,2026-08-29 12:59:12,2026-08-29 12:59:12,0,0,N,EAST
7dab8415-3a34-4610-9fb6-8b1f49a9c70b,CUST0000202,VOICE,2007485972438,1295145205802,TWR00027,2026-08-29 18:19:10,2026-08-29 18:46:21,1631,0,N,WEST
6da66932-a26a-4bd1-8453-ef8b77a7d017,CUST0000222,DATA,0604802240654,4769509041898,TWR00035,2026-08-29 13:38:47,2026-08-29 13:38:47,0,408.13,N,WEST
e517b4a0-d677-465f-8211-b1a954f3bb83,CUST0000220,VOICE,6643016556238,8887656993136,TWR00105,2026-08-29 11:23:57,2026-08-29 11:45:37,1300,0,N,SOUTH
7a900357-dc38-4f1c-9287-2c9c1c68abe7,CUST0000018,DATA,6229011386047,7199038035148,TWR00038,2026-08-29 08:37:26,2026-08-29 08:37:26,0,302.337,N,EAST
417dda18-24ec-4c15-a1f1-c257f21140d3,CUST0000204,VOICE,3829441914790,3472839516730,TWR00102,2026-08-29 05:51:20,2026-08-29 06:06:04,884,0,N,SOUTH
b5b7a8d0-63dc-47b5-a484-e0dbc866bc63,CUST0000038,VOICE,3267084886865,2925822828018,TWR00041,2026-08-29 11:23:09,2026-08-29 11:49:50,1601,0,N,EAST
81563b07-11a4-41d9-a599-05a9d3839831,CUST0000006,DATA,2353068856846,6780964583744,TWR00102,2026-08-29 06:29:36,2026-08-29 06:29:36,0,161.459,N,NORTH
f48221e5-6565-40a1-b45c-bfa8a060dbe1,CUST0000198,VOICE,9752135317555,8974874114862,TWR00072,2026-08-29 06:33:13,2026-08-29 06:36:48,215,0,N,NORTH
2fcd446b-a765-4330-83b3-1363e8f99966,CUST0000294,DATA,7511997645349,5515641967896,TWR00056,2026-08-29 13:43:48,2026-08-29 13:43:48,0,159.574,N,SOUTH
cffe9804-ef27-4393-91a6-66dea764781a,CUST0000026,DATA,0093582016301,9722422848349,TWR00054,2026-08-29 15:02:17,2026-08-29 15:02:17,0,60.51,N,EAST
f1b7b874-a1e3-4fa5-b637-536f827e76b5,CUST0000197,VOICE,7668098460180,0334801537358,TWR00101,2026-08-29 00:18:01,2026-08-29 00:40:04,1323,0,N,NORTH
818e55ba-ec5d-4ad8-8f79-9f0fa3121739,CUST0000237,VOICE,6715544605392,0967462720536,TWR00118,2026-08-29 12:02:57,2026-08-29 12:21:14,1097,0,N,EAST
d6b0f84c-6cac-4de9-8bd8-de95a5d356c1,CUST0000009,VOICE,9911928567285,2155383077558,TWR00093,2026-08-29 03:53:51,2026-08-29 04:08:06,855,0,N,EAST
bf43a671-9053-4398-8562-2829a57c1875,CUST0000178,SMS,1262643956784,6078907519919,TWR00064,2026-08-29 17:49:20,2026-08-29 17:49:20,0,0,N,WEST
6e27a79e-f826-4c44-891a-d9fecc8e7c8d,CUST0000153,DATA,7755129441492,3164982838597,TWR00083,2026-08-29 14:31:54,2026-08-29 14:31:54,0,483.609,N,EAST
2d4b1797-5300-4e60-b52b-b64470ba7134,CUST0000053,VOICE,7765659070554,3436877156922,TWR00014,2026-08-29 01:52:00,2026-08-29 01:56:49,289,0,N,WEST
937018e6-8886-416d-b7f1-eb7b7334860f,CUST0000116,VOICE,9490763415359,7100115477349,TWR00048,2026-08-29 06:46:57,2026-08-29 07:14:45,1668,0,N,NORTH
38ea94f7-1fbd-4187-a6f5-7f9a00ec2789,CUST0000027,VOICE,3148722557856,1354741685573,TWR00010,2026-08-29 01:07:03,2026-08-29 01:17:31,628,0,N,WEST
d5c184e5-f3dc-4c11-b5fc-a0c352e888bb,CUST0000139,DATA,2328555809579,7581660284136,TWR00016,2026-08-29 04:37:29,2026-08-29 04:37:29,0,64.018,N,WEST
6a921f5e-6d55-4a0e-872c-604def4b754b,CUST0000229,DATA,3347040714697,4797341855950,TWR00074,2026-08-29 16:33:15,2026-08-29 16:33:15,0,239.485,N,EAST
b5ff6907-7c9f-4ce3-96ac-ff0d18d170d5,CUST0000165,DATA,7456017039610,7590017067949,TWR00034,2026-08-29 15:14:05,2026-08-29 15:14:05,0,383.335,N,EAST
8009fd1f-c2a5-4f2f-be9a-c64e66983ade,CUST0000286,DATA,7869285516215,8967635367355,TWR00095,2026-08-29 07:42:41,2026-08-29 07:42:41,0,428.076,N,NORTH
443eeaae-5d9f-4a88-909b-4e5b5fdd634f,CUST0000254,VOICE,0707228834133,1390143097427,TWR00105,2026-08-29 00:42:13,2026-08-29 00:58:16,963,0,N,WEST
f7cff85b-b562-4e09-b8a4-adeab3bf4cf9,CUST0000054,VOICE,9366357967148,3007356582608,TWR00110,2026-08-29 18:48:33,2026-08-29 19:06:10,1057,0,N,EAST
9fb7fc81-af3c-43de-a2cf-d8ed2391117a,CUST0000233,DATA,5263794128866,1223214252611,TWR00017,2026-08-29 16:06:58,2026-08-29 16:06:58,0,110.174,N,WEST
6c181e4e-0e3c-4305-9980-de49330e50be,CUST0000263,VOICE,8925946574465,2554411818513,TWR00055,2026-08-29 12:12:04,2026-08-29 12:21:38,574,0,N,EAST
8e08dc1e-f0d0-4e5d-bfe0-743b6a026578,CUST0000296,DATA,7380520388193,6841847146220,TWR00014,2026-08-29 04:29:56,2026-08-29 04:29:56,0,372.768,N,WEST
f999376f-ea06-47a6-b22b-0db57bd6a21d,CUST0000096,VOICE,4833354011272,6030876477090,TWR00046,2026-08-29 15:42:33,2026-08-29 15:58:05,932,0,N,NORTH
b6dbe844-afd2-4495-9024-52856c2a7c64,CUST0000182,SMS,7618376295076,1621720488868,TWR00056,2026-08-29 04:25:32,2026-08-29 04:25:32,0,0,N,NORTH
94038710-c414-4b9f-b7ac-d62b34676153,CUST0000226,VOICE,4186930326456,9674199160539,TWR00094,2026-08-29 03:03:41,2026-08-29 03:16:49,788,0,N,SOUTH
7ab32ed8-183f-4229-bc7c-de813a079e9c,CUST0000151,VOICE,6490970342519,0181589136829,TWR00078,2026-08-29 05:38:17,2026-08-29 05:56:26,1089,0,N,WEST
4aaa82bd-c403-45f9-b642-814cb64bfa6e,CUST0000056,DATA,7074215319362,2602216908875,TWR00029,2026-08-29 20:15:07,2026-08-29 20:15:07,0,58.479,N,EAST
04de5735-5453-415a-b6a2-16efb3088d4c,CUST0000123,VOICE,8029335838439,0657351745469,TWR00090,2026-08-29 03:17:14,2026-08-29 03:38:29,1275,0,N,WEST
3a10b801-0fbb-44c4-981e-4f31d0ba9320,CUST0000202,VOICE,5102140128331,5897990359717,TWR00035,2026-08-29 23:52:56,2026-08-30 00:16:37,1421,0,N,SOUTH
566bbc1a-e15e-4687-bdb8-e085b04a8641,CUST0000105,VOICE,1703056870941,4605164838953,TWR00094,2026-08-29 09:45:38,2026-08-29 09:55:32,594,0,Y,SOUTH
ec72fcf4-2c3d-44d4-a2ab-2d24dfd83329,CUST0000258,DATA,7684187677600,4345973173033,TWR00040,2026-08-29 19:30:47,2026-08-29 19:30:47,0,426.429,N,SOUTH
1a22d79b-3a6b-40a1-b417-0289e271cc67,CUST0000162,DATA,4967574510484,9473181560542,TWR00116,2026-08-29 05:11:21,2026-08-29 05:11:21,0,228.153,N,WEST
9ea3e944-682f-4bdb-96c9-740807d49063,CUST0000220,VOICE,0799594761110,9764754565728,TWR00022,2026-08-29 05:16:56,2026-08-29 05:19:38,162,0,N,NORTH
afbc7f0c-d4b4-458a-ad63-749db5c86d1c,CUST0000181,DATA,2269348540390,6856066992613,TWR00112,2026-08-29 18:00:31,2026-08-29 18:00:31,0,124.508,N,NORTH
404d080b-4abe-4457-8836-fbf2d5648902,CUST0000291,DATA,6870977779570,9962637792711,TWR00068,2026-08-29 09:53:14,2026-08-29 09:53:14,0,252.07,N,NORTH
68ab73bd-e226-460d-8a9e-e1ac9af2a639,CUST0000052,VOICE,7351289622068,4323330239934,TWR00095,2026-08-29 23:21:28,2026-08-29 23:38:17,1009,0,N,EAST
5f2b7468-7b8f-411f-b3d9-fef84d9352b6,CUST0000250,VOICE,6060694306952,5786529412853,TWR00039,2026-08-29 14:00:52,2026-08-29 14:12:59,727,0,N,WEST
af894050-78c1-4ae4-934f-eb63142a87ad,CUST0000058,VOICE,0064488548753,1980425542805,TWR00019,2026-08-29 16:46:40,2026-08-29 16:47:27,47,0,N,SOUTH
7dff8b8f-93d0-4a7a-bd39-93e5d8f2fbb8,CUST0000073,SMS,7642550786887,0203922131701,TWR00095,2026-08-29 00:15:36,2026-08-29 00:15:36,0,0,N,WEST
542b78a8-2fad-4d54-b660-47cdb32affb8,CUST0000185,VOICE,8663992879872,3142495629179,TWR00082,2026-08-29 02:12:58,2026-08-29 02:25:56,778,0,N,EAST
c6053afa-b20a-4ce8-8c7a-d364c3db3c41,CUST0000279,DATA,4416033288807,0510287451202,TWR00023,2026-08-29 14:56:33,2026-08-29 14:56:33,0,133.389,N,EAST
56db14a3-8618-40bc-a1c5-a14129ae0434,CUST0000201,SMS,0175454164879,1046627501526,TWR00006,2026-08-29 08:19:12,2026-08-29 08:19:12,0,0,N,EAST
3f192af9-bd4b-4fe0-ba39-d6e8341408c3,CUST0000063,SMS,4420360785483,0958723836806,TWR00102,2026-08-29 14:36:50,2026-08-29 14:36:50,0,0,N,NORTH
c200eae0-4e11-4078-8e4d-f4499e8b7d0c,CUST0000005,SMS,1457923267148,8197015019679,TWR00088,2026-08-29 21:09:29,2026-08-29 21:09:29,0,0,N,EAST
b8062884-dac6-40f6-94f1-486d7b3f4182,CUST0000286,DATA,2092519201828,2332970493795,TWR00009,2026-08-29 09:31:18,2026-08-29 09:31:18,0,400.093,Y,NORTH
934cc90a-b831-436c-8860-c0af4dad0a61,CUST0000112,VOICE,9158551163971,9207574142487,TWR00040,2026-08-29 18:07:03,2026-08-29 18:23:48,1005,0,Y,EAST
22cc7b78-cdb8-471b-ae6a-511b051faf4c,CUST0000001,VOICE,9626259188312,9773677244343,TWR00101,2026-08-29 04:22:56,2026-08-29 04:32:41,585,0,N,SOUTH
959d61d7-198f-423e-abdb-3f74e3158e47,CUST0000045,DATA,4978729657156,3802990348042,TWR00056,2026-08-29 04:46:12,2026-08-29 04:46:12,0,293.027,N,SOUTH
984bfe9f-0aea-4afa-b590-253932081e51,CUST0000017,SMS,7960009409165,3762426622549,TWR00087,2026-08-29 11:15:51,2026-08-29 11:15:51,0,0,N,WEST
dc4b27e3-9899-4bdc-b22f-e5478a607b35,CUST0000205,DATA,0369309140152,3117226414756,TWR00118,2026-08-29 03:57:16,2026-08-29 03:57:16,0,151.709,N,WEST
8edfc5f8-376a-4683-8e9e-d38f391b9cd5,CUST0000166,DATA,0184293359847,2298359667715,TWR00026,2026-08-29 04:43:49,2026-08-29 04:43:49,0,125.76,N,SOUTH
1991d858-4a61-4486-9621-f2a97f6d433e,CUST0000155,VOICE,9022624736500,2990900647614,TWR00060,2026-08-29 09:36:59,2026-08-29 09:58:30,1291,0,N,WEST
225515b5-7aee-4604-b5c3-e908df835e98,CUST0000224,VOICE,2787355404231,9792067549393,TWR00065,2026-08-29 16:28:44,2026-08-29 16:39:30,646,0,N,EAST
a952838b-f1d4-4c3a-98fc-68b7e5617ecb,CUST0000240,SMS,3969045392528,8357338133073,TWR00060,2026-08-29 14:26:26,2026-08-29 14:26:26,0,0,Y,NORTH
1bc49fc9-8703-4224-9e27-2f77a158dfc6,CUST0000216,VOICE,5330236412247,0985372033505,TWR00101,2026-08-29 04:39:58,2026-08-29 04:50:22,624,0,N,EAST
802580d9-00ee-40bc-a43f-27c8ec6b51a2,CUST0000066,DATA,6023251071555,0940422456411,TWR00007,2026-08-29 18:56:18,2026-08-29 18:56:18,0,377.912,N,WEST
61e62353-7886-44d4-bb4e-e7e624f9b7d9,CUST0000004,SMS,5512538078191,5053494197157,TWR00007,2026-08-29 16:29:53,2026-08-29 16:29:53,0,0,N,EAST
3024096c-b2ec-4eaf-939b-c1f1bc33feec,CUST0000055,VOICE,5716632824630,1621856352007,TWR00062,2026-08-29 03:52:18,2026-08-29 04:11:41,1163,0,N,NORTH
e0d5f263-a9bb-4d62-b22f-646fb3b09e78,CUST0000063,DATA,1504205986856,7143360809010,TWR00092,2026-08-29 21:32:47,2026-08-29 21:32:47,0,27.457,N,SOUTH
1a64cb5f-53c6-4788-81af-0ef6931b5fe6,CUST0000288,DATA,4610392788881,0461638816878,TWR00115,2026-08-29 15:08:14,2026-08-29 15:08:14,0,338.165,N,EAST
9d900e58-8e3c-46ec-a38c-b1e00d672edb,CUST0000160,DATA,1856905096568,6728007272081,TWR00080,2026-08-29 00:51:31,2026-08-29 00:51:31,0,344.2,N,NORTH
b6b9b1e4-df48-4d47-a222-c16302a68e6f,CUST0000079,DATA,7237356407830,0697899951454,TWR00032,2026-08-29 03:33:06,2026-08-29 03:33:06,0,102.943,N,WEST
ee74e445-783a-4453-9b5d-00019b77a7e9,CUST0000201,VOICE,6714674906688,7518571164560,TWR00024,2026-08-29 03:19:25,2026-08-29 03:36:00,995,0,N,EAST
85c4a02c-a355-4b90-9ecf-80af090f7f95,CUST0000225,DATA,9563431807392,0258565337773,TWR00019,2026-08-29 19:07:27,2026-08-29 19:07:27,0,318.462,N,SOUTH
49f1408e-a18f-4e64-aa4c-4c22511d8da7,CUST0000088,SMS,3167871926154,2012402545500,TWR00061,2026-08-29 22:34:12,2026-08-29 22:34:12,0,0,N,EAST
868eeeac-0aa6-4034-b086-6f0eea75198d,CUST0000052,DATA,4908099839767,8872461630343,TWR00036,2026-08-29 15:23:42,2026-08-29 15:23:42,0,196.203,N,NORTH
b099194f-29ca-477c-961a-38c1a9ff880b,CUST0000238,SMS,0009143529493,7417996546628,TWR00037,2026-08-29 13:09:01,2026-08-29 13:09:01,0,0,N,WEST
143c3dc9-ac68-4b37-8565-50d97483c905,CUST0000006,SMS,3518962252756,0223023405677,TWR00115,2026-08-29 01:41:41,2026-08-29 01:41:41,0,0,N,WEST
97cf561a-2d0e-41f0-bde4-f9448d364820,CUST0000022,DATA,2515890418280,1666081239278,TWR00113,2026-08-29 11:08:29,2026-08-29 11:08:29,0,361.81,N,SOUTH
2829e5ea-eac1-42cf-a1e4-1c75ca4e6bef,CUST0000184,SMS,4790986361527,9584442022482,TWR00116,2026-08-29 16:13:22,2026-08-29 16:13:22,0,0,N,WEST
d583cce6-f467-4163-abc3-f4eb02b1fa7d,CUST0000263,VOICE,8863137371450,1180266914193,TWR00093,2026-08-29 20:09:22,2026-08-29 20:31:50,1348,0,N,WEST
4618a80b-bf28-4cd8-b4ea-5c939be176d8,CUST0000072,VOICE,0610471891199,5692476883410,TWR00009,2026-08-29 21:19:59,2026-08-29 21:33:30,811,0,N,WEST
a69fa7b9-fd4b-4685-93f1-b6d3f5d439dd,CUST0000193,DATA,4141318118140,1325179044708,TWR00074,2026-08-29 19:42:11,2026-08-29 19:42:11,0,354.542,N,EAST
4e8e7039-c8d4-4709-8552-ad1d9264dc8b,CUST0000067,DATA,6094067148783,0314564572275,TWR00075,2026-08-29 18:37:22,2026-08-29 18:37:22,0,309.12,N,NORTH
ef56ea12-b166-4a2b-b88b-89fcb5739dad,CUST0000016,DATA,9407403374499,0933913694126,TWR00086,2026-08-29 05:14:06,2026-08-29 05:14:06,0,54.004,N,WEST
63ad8010-2c6f-4e3d-ac2b-f47fff09b45d,CUST0000166,DATA,1060326753180,7631010896546,TWR00014,2026-08-29 23:50:15,2026-08-29 23:50:15,0,449.997,N,WEST
45c6a877-2460-4ae7-a878-d6774741a183,CUST0000216,DATA,2536064004748,7948698948481,TWR00015,2026-08-29 01:39:16,2026-08-29 01:39:16,0,19.672,N,WEST
fe6e7b17-406c-4d10-b253-5d589498b53a,CUST0000192,DATA,0361007701773,5949330781117,TWR00042,2026-08-29 00:59:11,2026-08-29 00:59:11,0,54.723,N,SOUTH
a869dd28-e87b-47fa-a253-fe00d0d7e320,CUST0000294,SMS,9600490214441,5967433384965,TWR00057,2026-08-29 06:16:31,2026-08-29 06:16:31,0,0,N,SOUTH
b9e61dd8-85e6-4d0d-b78f-6ac427b57f01,CUST0000104,DATA,2391703353004,6653619773173,TWR00104,2026-08-29 13:52:33,2026-08-29 13:52:33,0,395.212,N,NORTH
29b7d098-a2f8-420b-a041-fbb5e8059731,CUST0000050,VOICE,6248723858653,7687141349317,TWR00100,2026-08-29 04:57:00,2026-08-29 05:09:21,741,0,N,NORTH
71119521-a8b1-4c69-8a02-6f8776df20fa,CUST0000175,VOICE,7060558173579,1162506989354,TWR00068,2026-08-29 23:58:46,2026-08-30 00:20:46,1320,0,N,SOUTH
3d6cc667-0270-4788-a90a-be15c1a1c98f,CUST0000293,DATA,4639897014557,3934271866925,TWR00080,2026-08-29 16:22:22,2026-08-29 16:22:22,0,449.978,N,NORTH
0696b912-e5e1-4091-abf9-bf666b31d56a,CUST0000225,SMS,2905092600011,1561619738449,TWR00073,2026-08-29 12:55:04,2026-08-29 12:55:04,0,0,N,EAST
7535f1d8-1998-4c69-82ab-2ec7d09b385d,CUST0000052,VOICE,2130088238469,8672331044817,TWR00043,2026-08-29 07:03:38,2026-08-29 07:22:10,1112,0,Y,EAST
2b121b00-3d1d-4b8f-a26a-18cc14571769,CUST0000129,SMS,3655619221882,0631864176130,TWR00112,2026-08-29 11:04:55,2026-08-29 11:04:55,0,0,N,EAST
f9152325-99d1-46bc-acb5-3f1684318bfe,CUST0000039,SMS,3641693683599,6764032391932,TWR00120,2026-08-29 07:54:33,2026-08-29 07:54:33,0,0,N,EAST
a9df998d-25bf-4051-a86e-6ff70162b555,CUST0000205,DATA,2826712693794,2252964448436,TWR00015,2026-08-29 17:44:57,2026-08-29 17:44:57,0,291.803,N,EAST
1c6db39b-e3a3-425c-868c-5159fdcf11a5,CUST0000016,VOICE,8111433064098,5877155590627,TWR00114,2026-08-29 13:16:12,2026-08-29 13:27:42,690,0,N,SOUTH
b042d44a-595b-468c-8cee-f040e0d706af,CUST0000105,SMS,9025912046372,6266032358418,TWR00097,2026-08-29 23:21:59,2026-08-29 23:21:59,0,0,N,NORTH
c0116351-897c-4d9d-8f8b-9178fdc46e12,CUST0000121,SMS,2955999773793,7955192474111,TWR00090,2026-08-29 18:57:39,2026-08-29 18:57:39,0,0,N,NORTH
120a6e43-7032-4763-a3b4-38f101a02b32,CUST0000178,DATA,3670386256761,2584233008056,TWR00079,2026-08-29 13:38:47,2026-08-29 13:38:47,0,464.752,N,WEST
321cb2a8-68fc-4dc2-89a2-59e1ba720c96,CUST0000067,VOICE,0829248287321,7883127365485,TWR00065,2026-08-29 01:06:02,2026-08-29 01:23:04,1022,0,N,EAST
66ad2894-760f-4b7d-95d6-e07db8d4752f,CUST0000221,SMS,2072019708428,4162796365129,TWR00008,2026-08-29 07:01:59,2026-08-29 07:01:59,0,0,Y,SOUTH
9a0b3637-07ba-4b73-a1ae-e0732ce566b5,CUST0000274,DATA,5510051081948,2262300360722,TWR00095,2026-08-29 12:43:43,2026-08-29 12:43:43,0,10.029,N,WEST
7eb4f4c6-f549-4daa-b8be-54d58e12d604,CUST0000194,DATA,5028303424375,9169280916631,TWR00071,2026-08-29 13:44:27,2026-08-29 13:44:27,0,69.747,N,EAST
cbe091eb-cd8f-4a2d-8a1f-e288951cae56,CUST0000181,VOICE,6968740330454,1061664970084,TWR00030,2026-08-29 13:58:03,2026-08-29 14:06:15,492,0,N,NORTH
fe7113c8-49b8-4bc8-8d2c-dc0b6bd01191,CUST0000117,SMS,5801517642962,9241150509699,TWR00103,2026-08-29 17:36:02,2026-08-29 17:36:02,0,0,Y,SOUTH
bdcc8e2b-b26c-4595-a512-e41bdf0b5004,CUST0000030,VOICE,1315255232280,8837743540476,TWR00006,2026-08-29 04:28:11,2026-08-29 04:37:54,583,0,N,SOUTH
022f417e-4075-4410-a960-da2af67e7083,CUST0000150,VOICE,5395011152558,2778882603174,TWR00085,2026-08-29 12:30:42,2026-08-29 12:34:57,255,0,N,EAST
89501347-75b2-4946-b45a-cc68700dd3d0,CUST0000279,VOICE,3045880971861,2293554592055,TWR00115,2026-08-29 22:47:52,2026-08-29 23:00:08,736,0,N,SOUTH
52b9f314-d475-4081-a76a-0583413fb765,CUST0000228,DATA,7577991137983,4576274511608,TWR00038,2026-08-29 11:49:35,2026-08-29 11:49:35,0,434.617,N,EAST
685e73e3-5985-4220-9086-8893f636e74f,CUST0000164,DATA,8970152213368,0083476128989,TWR00045,2026-08-29 16:06:03,2026-08-29 16:06:03,0,450.312,N,WEST
3da51aa6-690b-4595-ad36-50d1f08ff640,CUST0000144,VOICE,0746113997992,1560338788528,TWR00040,2026-08-29 04:53:33,2026-08-29 05:01:30,477,0,N,SOUTH
451c117d-c7bd-4670-aa15-f11f8c892b17,CUST0000063,SMS,8986818439763,9007379499944,TWR00090,2026-08-29 04:02:15,2026-08-29 04:02:15,0,0,N,WEST
08d99860-f778-47aa-8762-29f1cf638b09,CUST0000059,VOICE,7444107692626,4347591604359,TWR00050,2026-08-29 01:17:17,2026-08-29 01:37:26,1209,0,N,NORTH
ce64b0ad-0d27-42f8-ae18-31e3c718e14e,CUST0000031,VOICE,9859079965857,7568167843407,TWR00111,2026-08-29 19:24:31,2026-08-29 19:25:14,43,0,N,WEST
b297cdab-ad86-48a5-8cd4-5b21d0fb3bc0,CUST0000023,VOICE,0717761350078,6922338540336,TWR00069,2026-08-29 12:11:42,2026-08-29 12:26:29,887,0,N,EAST
74ac0d5c-1eb5-4740-87bd-567d30e6736a,CUST0000017,SMS,2850231265327,5514972490322,TWR00117,2026-08-29 11:59:01,2026-08-29 11:59:01,0,0,N,EAST
be5dad22-449e-46e7-88f4-2936e87d5042,CUST0000135,DATA,4771469509355,5702006174136,TWR00004,2026-08-29 18:13:48,2026-08-29 18:13:48,0,171.131,N,WEST
e663a215-1a33-47fa-83e3-56f7a21a1e1f,CUST0000219,DATA,4594761218939,2706507612228,TWR00104,2026-08-29 23:48:03,2026-08-29 23:48:03,0,55.496,N,EAST
7b1688f3-425a-4432-952c-67b20e3d9f82,CUST0000274,SMS,0564468530455,5950263560777,TWR00099,2026-08-29 18:46:36,2026-08-29 18:46:36,0,0,N,SOUTH
7b613d15-ef89-4129-8f97-b0c1eca4fa27,CUST0000196,SMS,3327639904600,3696269022209,TWR00002,2026-08-29 07:08:58,2026-08-29 07:08:58,0,0,N,EAST
1f90da41-a71c-4deb-b41f-18fdadba4ac6,CUST0000044,DATA,5506179067015,2003934490769,TWR00074,2026-08-29 17:18:21,2026-08-29 17:18:21,0,197.906,N,EAST
68d5ba66-8766-4303-ab8a-a46d73a68819,CUST0000138,DATA,2162183339192,9210530712260,TWR00078,2026-08-29 20:51:49,2026-08-29 20:51:49,0,7.157,N,EAST
ef8ec6fd-177b-4de4-a233-024130bbfa3a,CUST0000136,DATA,8228377427054,7887282063228,TWR00057,2026-08-29 14:29:01,2026-08-29 14:29:01,0,5.426,N,EAST
f91dcbad-f775-4121-b283-0ce400327cf5,CUST0000246,DATA,1269804466589,2476096064724,TWR00008,2026-08-29 17:13:26,2026-08-29 17:13:26,0,290.206,N,EAST
0a5f8bab-4319-45a8-b254-13767fcd8cdd,CUST0000033,SMS,2573787477884,7094657770612,TWR00036,2026-08-29 08:49:50,2026-08-29 08:49:50,0,0,N,WEST
7b7d1847-2a7a-46bf-b457-3044b2e312e0,CUST0000066,VOICE,2842680928261,4170053718605,TWR00084,2026-08-29 05:09:55,2026-08-29 05:31:05,1270,0,N,NORTH
672a2f0f-618b-4b40-bf04-262bcb4aad4f,CUST0000020,VOICE,6880316647951,7983124285354,TWR00041,2026-08-29 16:55:28,2026-08-29 17:15:20,1192,0,N,SOUTH
4fd6645e-2add-48a1-b690-6a4b122f839b,CUST0000032,DATA,6019919848087,1708671520771,TWR00087,2026-08-29 08:16:01,2026-08-29 08:16:01,0,422.621,N,NORTH
f7b73a39-1c03-42fc-88f4-09b51bab6afa,CUST0000121,VOICE,7404336895796,2461051109007,TWR00066,2026-08-29 02:32:28,2026-08-29 02:36:24,236,0,N,SOUTH
ccd38309-7184-49f6-acca-4d3097302bfb,CUST0000167,SMS,1785020502549,2392010297599,TWR00083,2026-08-29 21:26:04,2026-08-29 21:26:04,0,0,N,EAST
f20d9f1a-0782-45ac-9c27-1f018804a6e6,CUST0000074,VOICE,4753965974425,6942041641537,TWR00053,2026-08-29 19:50:23,2026-08-29 20:01:54,691,0,N,EAST
65670142-5363-424e-b47a-eed22b6af8cd,CUST0000241,DATA,0513379376699,6816085571749,TWR00021,2026-08-29 09:39:01,2026-08-29 09:39:01,0,184.783,N,SOUTH
c1341114-6956-4c43-b1c8-356ea6d1ff43,CUST0000014,VOICE,5849688144990,3586240574450,TWR00092,2026-08-29 06:51:20,2026-08-29 07:08:51,1051,0,N,EAST
296657fa-39c3-4a9f-a87b-0c7b5f63f261,CUST0000111,SMS,3245352791111,8518466898593,TWR00093,2026-08-29 18:02:42,2026-08-29 18:02:42,0,0,N,NORTH
a80e51e1-3ba1-445f-ba5f-e8c1d54c735c,CUST0000040,DATA,1359618307348,0226425972055,TWR00074,2026-08-29 07:36:32,2026-08-29 07:36:32,0,315.532,N,NORTH
16c0ea2a-a125-418c-9e90-20a9b8ec00c4,CUST0000271,DATA,8298781921474,7460429371784,TWR00068,2026-08-29 19:30:42,2026-08-29 19:30:42,0,260.648,N,SOUTH
11e69bac-0e05-4946-a959-07f5db5fdb05,CUST0000295,VOICE,2146172758045,9267698897988,TWR00099,2026-08-29 07:21:15,2026-08-29 07:48:36,1641,0,N,SOUTH
833f0019-0d70-4790-86d6-897605145ab3,CUST0000234,VOICE,7544584741340,9293605962751,TWR00094,2026-08-29 03:44:15,2026-08-29 03:59:31,916,0,N,WEST
98e62321-a713-4899-a05e-93b25a8cf0e2,CUST0000186,VOICE,4638901248447,6561156862230,TWR00084,2026-08-29 17:32:04,2026-08-29 17:44:30,746,0,N,SOUTH
93b11141-44fa-482d-9c00-2acdd8d7f20f,CUST0000230,DATA,0659480531602,7433037271862,TWR00106,2026-08-29 07:36:52,2026-08-29 07:36:52,0,493.386,N,SOUTH
ca532a25-b768-4d57-94b4-94017bd9bb1a,CUST0000209,DATA,4756311213807,8780661545985,TWR00034,2026-08-29 21:08:38,2026-08-29 21:08:38,0,398.132,N,NORTH
7cb16042-95dd-48ea-8c87-dcda19178227,CUST0000042,SMS,6356541802882,2128866905946,TWR00064,2026-08-29 16:09:36,2026-08-29 16:09:36,0,0,N,SOUTH
628b91f1-4bdd-44a3-b6b5-4d649344994a,CUST0000093,DATA,2882847052031,2988712320366,TWR00054,2026-08-29 00:10:07,2026-08-29 00:10:07,0,132.425,N,WEST
af220e4a-9847-42e2-af75-e5b1eec87939,CUST0000052,VOICE,4277862685272,6032087783471,TWR00089,2026-08-29 01:53:27,2026-08-29 01:54:21,54,0,N,NORTH
afc40081-b099-458f-b26f-a0c85817ed5c,CUST0000068,SMS,6283345573562,2770045358597,TWR00116,2026-08-29 16:58:24,2026-08-29 16:58:24,0,0,N,SOUTH
a49b9bd8-356c-4f10-9882-491dd6ca918a,CUST0000206,DATA,0273228570424,2555468939770,TWR00016,2026-08-29 07:45:18,2026-08-29 07:45:18,0,169.067,N,EAST
89147a41-c667-4152-8f5c-9e0bcc377ca5,CUST0000056,DATA,1167881596467,8656904484673,TWR00118,2026-08-29 01:04:47,2026-08-29 01:04:47,0,178.124,N,WEST
5b549fc5-d339-42db-86d2-ccfa5dba891d,CUST0000231,DATA,2291248955877,0623945994264,TWR00062,2026-08-29 13:18:48,2026-08-29 13:18:48,0,350.357,N,NORTH
95460390-9e74-403c-8fa7-cbb944cd5492,CUST0000078,DATA,7608953012033,1387162833568,TWR00087,2026-08-29 18:37:23,2026-08-29 18:37:23,0,325.053,N,WEST
d4065ea8-d5ba-4e44-a122-467e967bbd2e,CUST0000091,SMS,5810801533743,6702772871565,TWR00013,2026-08-29 18:17:49,2026-08-29 18:17:49,0,0,N,WEST
2c202aba-8f0f-48ab-9bcd-6acebe7fe84e,CUST0000175,VOICE,9579457595995,0553629171485,TWR00066,2026-08-29 16:57:33,2026-08-29 17:17:25,1192,0,N,WEST
db8d4f83-88f2-4b60-8533-c7a8cef3a2b3,CUST0000147,VOICE,1839525252078,1651192145744,TWR00006,2026-08-29 10:48:11,2026-08-29 10:53:09,298,0,N,SOUTH
16d74e26-2e11-4eb7-bfc9-1f2dde1ff8ac,CUST0000221,SMS,2030276947308,4035321244029,TWR00041,2026-08-29 18:56:39,2026-08-29 18:56:39,0,0,N,EAST
dd161dcd-4d30-457e-b475-ee566079f09a,CUST0000085,VOICE,6340941218052,7959900479412,TWR00114,2026-08-29 08:31:28,2026-08-29 08:39:11,463,0,N,EAST
a61c4ac4-247d-4253-9499-bbab64410951,CUST0000055,DATA,2546018911343,8571339962768,TWR00013,2026-08-29 21:17:09,2026-08-29 21:17:09,0,104.215,N,SOUTH
fca45c51-f5a5-4741-ac29-289c78bedb04,CUST0000015,SMS,1273421120291,8130149480298,TWR00069,2026-08-29 01:57:34,2026-08-29 01:57:34,0,0,N,NORTH
17f7f2f7-c069-4126-83a1-ea94d7078f7e,CUST0000251,DATA,8881966452319,9908213356831,TWR00037,2026-08-29 00:23:13,2026-08-29 00:23:13,0,470.961,N,WEST
86db913f-558a-4210-aeaf-9d015eb06d6d,CUST0000267,VOICE,2366704171038,9187405013320,TWR00092,2026-08-29 14:18:58,2026-08-29 14:22:47,229,0,N,NORTH
b65d5212-3e1f-4db9-8849-c371937685a5,CUST0000228,DATA,4495607148765,7752572316316,TWR00111,2026-08-29 15:16:05,2026-08-29 15:16:05,0,69.272,N,NORTH
6f5ae4fd-8463-4629-b2cb-aaeb83b97fb0,CUST0000182,DATA,3781105703996,0667005994696,TWR00094,2026-08-29 23:50:14,2026-08-29 23:50:14,0,38.101,N,EAST
0fef390d-a225-4167-8b75-d671041bae56,CUST0000142,SMS,9323370071580,9714086332343,TWR00100,2026-08-29 23:32:43,2026-08-29 23:32:43,0,0,N,EAST
d60f27a5-9a1d-48be-9700-2d9293ec8af6,CUST0000020,SMS,6587448883923,5909722858258,TWR00041,2026-08-29 22:50:33,2026-08-29 22:50:33,0,0,N,NORTH
aff5b576-cc2f-4b5d-87b1-b3bafe2cd7d4,CUST0000005,VOICE,4551391960348,3678838736932,TWR00087,2026-08-29 18:24:55,2026-08-29 18:32:30,455,0,N,WEST
5ff365c2-7814-4020-aa99-15731d5d1185,CUST0000078,SMS,8004364758466,8674163712063,TWR00037,2026-08-29 05:46:31,2026-08-29 05:46:31,0,0,N,NORTH
94d57678-e511-4030-a703-c5e838a02779,CUST0000265,DATA,7552977601458,0811441572814,TWR00056,2026-08-29 23:13:00,2026-08-29 23:13:00,0,34.563,N,SOUTH
43aa15ea-5b68-4add-8684-be391b90b6cb,CUST0000092,VOICE,6116861146036,1892605554654,TWR00081,2026-08-29 22:16:39,2026-08-29 22:29:42,783,0,N,EAST
4fe1361d-fb3e-481f-a6d6-787552c61d63,CUST0000248,SMS,6836843771403,4545956600301,TWR00108,2026-08-29 05:56:19,2026-08-29 05:56:19,0,0,N,EAST
309276a5-0792-49ed-a2f5-13ae5c3cf1d2,CUST0000249,SMS,9622723869742,7368385095709,TWR00046,2026-08-29 20:25:38,2026-08-29 20:25:38,0,0,N,EAST
afd2c6fb-e399-4e79-a678-0ca36e4ae712,CUST0000050,VOICE,4099165081136,0348484377006,TWR00032,2026-08-29 09:26:28,2026-08-29 09:37:39,671,0,N,NORTH
7028c8e0-f022-4567-9dd0-1ff005e7b732,CUST0000091,SMS,7959514295449,6954217562752,TWR00045,2026-08-29 10:42:07,2026-08-29 10:42:07,0,0,N,SOUTH
b23b3027-3b66-4d85-801b-455c81d83fa9,CUST0000248,DATA,0161734479459,3516383264897,TWR00088,2026-08-29 15:38:26,2026-08-29 15:38:26,0,118.195,N,SOUTH
4aaed43c-b2e7-41b4-9466-6461c4af252b,CUST0000210,VOICE,0017078129457,1304948414235,TWR00053,2026-08-29 10:16:43,2026-08-29 10:27:38,655,0,N,WEST
41395262-b14b-4b77-99ad-f2c02d9f4dc1,CUST0000218,SMS,2833728756798,3026564771158,TWR00094,2026-08-29 01:17:31,2026-08-29 01:17:31,0,0,N,NORTH
8ed69c19-e09a-42a4-8bcd-87af951862f8,CUST0000158,SMS,1870894107911,1146446119830,TWR00022,2026-08-29 07:36:56,2026-08-29 07:36:56,0,0,N,NORTH
4f5593c1-c15c-41b0-a448-bfe0fc287b5c,CUST0000169,VOICE,5424738852377,8770078812532,TWR00103,2026-08-29 17:01:46,2026-08-29 17:02:34,48,0,N,EAST
afcffaee-3d0e-4344-9fe6-dd5399649c71,CUST0000181,DATA,1218082267990,6602865383957,TWR00007,2026-08-29 17:04:41,2026-08-29 17:04:41,0,259.806,N,SOUTH
405f5739-1429-4767-99b1-dfbfc5a22a00,CUST0000081,DATA,6468210037090,0378088669320,TWR00030,2026-08-29 12:55:45,2026-08-29 12:55:45,0,145.804,N,EAST
afb23d6a-18b9-4a8a-83ca-a262969caa8f,CUST0000170,SMS,0983484926748,6296507445657,TWR00002,2026-08-29 17:46:15,2026-08-29 17:46:15,0,0,N,NORTH
f45e4c03-5fc8-48df-8ba7-acecc29c82ec,CUST0000270,VOICE,6765419828179,7795003452202,TWR00021,2026-08-29 12:50:31,2026-08-29 12:52:02,91,0,N,NORTH
acb2023f-65c0-4fa4-9f8c-082ea2260854,CUST0000118,DATA,2693032645257,3090740635168,TWR00035,2026-08-29 22:15:02,2026-08-29 22:15:02,0,375.208,N,WEST
cd788249-5ed2-4e33-b4bb-1ceb45a87a8f,CUST0000206,VOICE,2247675125837,0536693327633,TWR00011,2026-08-29 23:56:17,2026-08-30 00:25:47,1770,0,N,WEST
ddfca065-1830-45f1-99e6-90d67b782aad,CUST0000011,VOICE,2285628372372,5931033700894,TWR00013,2026-08-29 17:38:58,2026-08-29 17:44:13,315,0,N,WEST
a3109516-c6f5-4f47-bb8a-dc2d422a7263,CUST0000100,DATA,3403704333318,8456125780473,TWR00055,2026-08-29 09:50:20,2026-08-29 09:50:20,0,256.665,Y,EAST
36032775-5ab8-4c10-8c8e-30b944e112b9,CUST0000235,VOICE,1985176968064,5442157837926,TWR00049,2026-08-29 08:41:36,2026-08-29 08:57:46,970,0,N,NORTH
150223a5-ecfc-487d-88d2-929c8870843e,CUST0000114,DATA,0532739688593,2883903979978,TWR00037,2026-08-29 17:17:30,2026-08-29 17:17:30,0,453.925,N,SOUTH
66b41ad7-d858-4c51-a6de-765d4fce45ad,CUST0000196,VOICE,3150321985965,1025066686067,TWR00098,2026-08-29 15:46:25,2026-08-29 15:59:13,768,0,N,NORTH
a6632b0e-5228-41ed-bc11-dd23a7be57b3,CUST0000232,VOICE,4767149986328,9103852427622,TWR00058,2026-08-29 00:25:49,2026-08-29 00:33:49,480,0,N,NORTH
9909e6b3-b2dd-4a37-87f4-42f5cf917857,CUST0000160,VOICE,5596374396399,9594038955465,TWR00022,2026-08-29 20:05:06,2026-08-29 20:24:19,1153,0,N,WEST
3cdbcb06-01b9-44df-86c6-7d7f80746a77,CUST0000128,VOICE,5317087300210,7366325673223,TWR00067,2026-08-29 12:39:53,2026-08-29 12:56:07,974,0,N,SOUTH
b491b808-b676-4c32-920d-7ab1d78bafd0,CUST0000031,DATA,8749391660191,9048866073264,TWR00095,2026-08-29 08:26:19,2026-08-29 08:26:19,0,169.596,N,EAST
34e7c7f6-8e0d-46f5-a82c-eaa2fef248ed,CUST0000290,SMS,7893785954176,9093716458104,TWR00027,2026-08-29 00:17:44,2026-08-29 00:17:44,0,0,N,WEST
f313b7ef-05a6-4053-9cb3-a102e936dc4e,CUST0000280,SMS,7346694473387,5289056651837,TWR00060,2026-08-29 20:15:20,2026-08-29 20:15:20,0,0,N,NORTH
9a0b9ec9-fb62-4ab7-953e-a97cb249a5d8,CUST0000054,SMS,7719888374345,9685938062502,TWR00097,2026-08-29 02:24:08,2026-08-29 02:24:08,0,0,Y,NORTH
a720d03e-7b15-42a8-9f97-fb527710cf65,CUST0000086,VOICE,0899646924343,4869521215603,TWR00064,2026-08-29 03:02:56,2026-08-29 03:17:29,873,0,N,WEST
d83d460f-6f50-4496-ad6c-f3cc7fd7177d,CUST0000072,DATA,1088035469466,4903764747691,TWR00002,2026-08-29 17:26:25,2026-08-29 17:26:25,0,149.079,N,EAST
f2bcb973-31d8-4a1d-a574-8685fad066d4,CUST0000139,SMS,6122150396558,8190041589333,TWR00073,2026-08-29 19:56:23,2026-08-29 19:56:23,0,0,N,SOUTH
9c2b8936-08bf-4bbc-b62e-fb1220cc0339,CUST0000149,SMS,2866013855002,7380101245718,TWR00092,2026-08-29 06:51:39,2026-08-29 06:51:39,0,0,N,EAST
101da98e-fa93-4ff8-88cf-0f19dae36fb6,CUST0000242,SMS,5806194999136,0551919396871,TWR00093,2026-08-29 10:59:47,2026-08-29 10:59:47,0,0,N,SOUTH
0695429e-75d1-4c6a-861d-83b16d58bde6,CUST0000085,SMS,7170804929328,0719612933213,TWR00054,2026-08-29 15:00:20,2026-08-29 15:00:20,0,0,N,WEST
d36791b1-2aaa-43f8-a836-9fc614d8e3be,CUST0000035,DATA,9522094003717,5885627480661,TWR00025,2026-08-29 00:19:44,2026-08-29 00:19:44,0,100.435,N,WEST
34724c55-931a-43e0-8762-60e86be0c00b,CUST0000170,VOICE,2620306951657,2118601811239,TWR00009,2026-08-29 19:29:38,2026-08-29 19:35:03,325,0,N,SOUTH
8203b973-3a77-4937-b960-da810c22ac25,CUST0000177,DATA,3025598792062,1459688910961,TWR00106,2026-08-29 06:17:18,2026-08-29 06:17:18,0,455.844,N,EAST
96abf1b8-9078-405b-b70f-35f262e99b0e,CUST0000189,DATA,8045052112036,8164180446081,TWR00072,2026-08-29 12:59:16,2026-08-29 12:59:16,0,270.967,N,NORTH
ce2e4760-fda4-40fb-82eb-9f5cc744155e,CUST0000079,VOICE,1408346954495,6095806274566,TWR00073,2026-08-29 06:17:11,2026-08-29 06:26:14,543,0,N,WEST
0a09e9c8-95e1-425e-822c-25938b3e0788,CUST0000170,SMS,9859074294142,4957762538476,TWR00104,2026-08-29 18:38:17,2026-08-29 18:38:17,0,0,N,WEST
65fc9b8c-c26b-47c9-b133-e0cd7c9c90e9,CUST0000108,VOICE,9195301647286,7468590262976,TWR00079,2026-08-29 07:13:05,2026-08-29 07:40:35,1650,0,N,SOUTH
dcd0118b-4d71-4773-9709-4c51ab4aee87,CUST0000244,DATA,1662866034982,6896701656277,TWR00007,2026-08-29 10:04:57,2026-08-29 10:04:57,0,69.35,N,WEST
06344198-72ff-42a7-af73-03310c8f4ac9,CUST0000242,VOICE,0215723125242,5256008589496,TWR00072,2026-08-29 16:48:07,2026-08-29 16:56:25,498,0,N,WEST
f8429d52-9c57-4b8d-8308-63398e5ea0e5,CUST0000243,SMS,7215052053531,1845605993423,TWR00011,2026-08-29 16:20:33,2026-08-29 16:20:33,0,0,N,SOUTH
