cdr_id,customer_id,call_type,origin_number,destination_number,cell_tower_id,call_start_ts,call_end_ts,duration_seconds,data_volume_mb,roaming_flag,region
df5bbb8b-64a3-4fdb-b499-0444c7ebee28,CUST0000086,DATA,2109129443141,0878343779824,TWR00108,2026-08-28 08:45:09,2026-08-28 08:45:09,0,219.184,N,EAST
49c849dd-a2ec-4157-860c-5898d1b0d206,CUST0000062,SMS,2116823137998,8100962426578,TWR00023,2026-08-28 13:41:22,2026-08-28 13:41:22,0,0,Y,EAST
4a3ecaf5-34bf-4344-9f16-fa6be6950696,CUST0000239,DATA,3558774526348,3725442253511,TWR00028,2026-08-28 11:46:27,2026-08-28 11:46:27,0,308.87,N,SOUTH
97f1d5c0-cbf3-4203-b02e-5ed5805715a7,CUST0000196,SMS,8828050345538,8720476766608,TWR00057,2026-08-28 23:00:12,2026-08-28 23:00:12,0,0,N,SOUTH
b84e0ec1-2b5e-4c05-92f9-bcb7c04bed82,CUST0000003,SMS,8874587120753,3685931526210,TWR00048,2026-08-28 10:06:58,2026-08-28 10:06:58,0,0,N,NORTH
091e000f-4c37-43d2-b690-85cf829c0095,CUST0000140,VOICE,4144301061445,9964574433199,TWR00006,2026-08-28 08:41:30,2026-08-28 08:55:10,820,0,N,EAST
da0fc979-621a-44c9-9684-509790111c96,CUST0000141,DATA,1153334972969,0100343449975,TWR00111,2026-08-28 18:52:01,2026-08-28 18:52:01,0,359.297,N,WEST
427531d9-06e4-47a3-8710-50c8af924ade,CUST0000252,VOICE,8618881786021,9927943763827,TWR00070,2026-08-28 23:55:41,2026-08-29 00:21:23,1542,0,N,NORTH
276dda7c-963e-4b12-8da9-cce9bb59b111,CUST0000190,VOICE,9033122239548,7047314836874,TWR00023,2026-08-28 22:09:45,2026-08-28 22:34:57,1512,0,N,SOUTH
eefabea0-fe94-4bb1-bf8b-6ddba150cf8a,CUST0000043,SMS,7740703666560,7622821282193,TWR00082,2026-08-28 03:03:28,2026-08-28 03:03:28,0,0,N,EAST
813c195f-17e8-4431-af97-368970b8dd22,CUST0000050,DATA,8278472643933,4596920666048,TWR00084,2026-08-28 08:54:12,2026-08-28 08:54:12,0,307.388,Y,EAST
fec899c4-e9d9-47ed-a46c-d422b0f6b3d4,CUST0000087,DATA,3123443584981,8465124210637,TWR00067,2026-08-28 18:46:23,2026-08-28 18:46:23,0,8.071,N,WEST
891b5379-8863-4a7b-8f6d-73e141a7e5b0,CUST0000032,VOICE,7048364811659,5859421937931,TWR00011,2026-08-28 16:09:46,2026-08-28 16:18:57,551,0,N,NORTH
c53a7406-3af7-4fa6-a4a3-e5a026b2f8eb,CUST0000142,DATA,6365972767687,7593586134174,TWR00023,2026-08-28 22:32:26,2026-08-28 22:32:26,0,318.015,N,NORTH
8c9fef07-bbe5-4b37-be70-5047daee048d,CUST0000160,VOICE,9538088426723,9907615001113,TWR00073,2026-08-28 11:07:21,2026-08-28 11:23:20,959,0,N,NORTH
5f0d8bc4-eaf5-46fd-9ab3-022dd525bc45,CUST0000290,DATA,5480442364792,4990108616479,TWR00012,2026-08-28 02:07:58,2026-08-28 02:07:58,0,92.068,N,EAST
15cb7466-5c91-415e-97c3-028bfd3ed51b,CUST0000011,DATA,4991573806799,7367209610237,TWR00048,2026-08-28 00:13:40,2026-08-28 00:13:40,0,230.714,N,SOUTH
d9d41a4b-9b49-4081-869a-da23b26d4723,CUST0000158,DATA,6432058699724,9715579327701,TWR00025,2026-08-28 20:57:55,2026-08-28 20:57:55,0,373.957,N,EAST
a95c3c97-8f5b-4828-a8b8-86c92e0aeace,CUST0000028,SMS,5491773260968,6888861085973,TWR00018,2026-08-28 09:11:17,2026-08-28 09:11:17,0,0,N,WEST
af196682-0b62-4d17-9cb6-5de9fc7a4853,CUST0000116,DATA,8679433644702,3276765964587,TWR00023,2026-08-28 08:56:12,2026-08-28 08:56:12,0,489.66,N,WEST
9de3b6c9-fa7c-4362-8d59-28626ae50418,CUST0000136,VOICE,6949471553474,0240537729084,TWR00099,2026-08-28 11:37:23,2026-08-28 11:49:22,719,0,N,WEST
b4c6a900-0187-4b90-ae90-c8350eaaeb96,CUST0000088,VOICE,5394503754807,5383385693291,TWR00073,2026-08-28 18:24:09,2026-08-28 18:42:35,1106,0,N,WEST
b9bd792d-ef49-43c5-8428-1f4a74ba821c,CUST0000178,DATA,6964804073730,1506324051026,TWR00027,2026-08-28 21:50:18,2026-08-28 21:50:18,0,171.748,N,EAST
0e7d64b6-73da-4d1b-bb30-63f477ffcf54,CUST0000047,SMS,8387963346746,6603327399741,TWR00060,2026-08-28 06:16:13,2026-08-28 06:16:13,0,0,N,NORTH
b80dde28-9ca1-4bbb-bd92-91c38695712e,CUST0000265,DATA,9209410102760,8195164849779,TWR00060,2026-08-28 05:30:08,2026-08-28 05:30:08,0,293.824,N,WEST
961293fd-d4f1-4564-ba91-b16c0762a9b7,CUST0000018,VOICE,3833061443575,7893505260270,TWR00116,2026-08-28 03:40:22,2026-08-28 04:10:07,1785,0,Y,WEST
59ca49c2-5503-4ce6-87ba-9db75125ab59,CUST0000244,VOICE,8756707181292,6139123774599,TWR00117,2026-08-28 20:57:06,2026-08-28 21:03:34,388,0,N,SOUTH
4159f25e-9c64-4d7d-9aac-800c61f7154a,CUST0000240,SMS,1337687058079,0651064070783,TWR00079,2026-08-28 00:28:51,2026-08-28 00:28:51,0,0,N,WEST
2a3530ee-ceb8-4599-bfbb-e29b22e3a50b,CUST0000205,SMS,7848303485736,4044927280903,TWR00048,2026-08-28 07:16:46,2026-08-28 07:16:46,0,0,N,WEST
978ef98c-e2db-40bb-9dde-7dc4490ff83c,CUST0000206,VOICE,7883643167859,4408895930320,TWR00014,2026-08-28 07:48:59,2026-08-28 08:06:22,1043,0,N,EAST
fdfe3e1d-e80e-4cfa-b77b-b10281b8c5e0,CUST0000296,SMS,5605269901523,2999663309235,TWR00022,2026-08-28 00:10:32,2026-08-28 00:10:32,0,0,N,SOUTH
459fbc34-713c-4d5e-acc0-d09a3a77d57c,CUST0000291,DATA,5403079915402,3201295318500,TWR00101,2026-08-28 04:42:21,2026-08-28 04:42:21,0,479.997,N,EAST
dead3103-97d0-45ea-acf9-dd492dff24aa,CUST0000073,DATA,2318206820481,9305484738577,TWR00059,2026-08-28 14:25:10,2026-08-28 14:25:10,0,1.421,N,SOUTH
c654b2a8-8c30-4416-a5b2-6af4bf65f5d5,CUST0000155,VOICE,3982455381518,7238264295185,TWR00056,2026-08-28 05:15:54,2026-08-28 05:22:55,421,0,N,SOUTH
549dd99a-65aa-4857-8568-de4379833858,CUST0000079,DATA,5576881559030,9695448761504,TWR00021,2026-08-28 11:00:30,2026-08-28 11:00:30,0,173.011,N,WEST
e4a8f934-443c-4168-9b27-91602d3f4592,CUST0000109,DATA,9150892446403,0769555935588,TWR00060,2026-08-28 21:24:53,2026-08-28 21:24:53,0,353.406,N,NORTH
c099283b-e979-480b-b757-b57d5bf169eb,CUST0000199,VOICE,0822775477774,9254123872493,TWR00115,2026-08-28 04:25:49,2026-08-28 04:37:03,674,0,N,WEST
439f1926-382a-4943-87a9-411fbf5a5a73,CUST0000202,SMS,9790070455948,9674166239567,TWR00095,2026-08-28 11:31:42,2026-08-28 11:31:42,0,0,N,NORTH
8c7ebb02-eff4-45c2-8097-29b4af486052,CUST0000114,DATA,2559350276749,6412272765314,TWR00048,2026-08-28 05:49:15,2026-08-28 05:49:15,0,181.778,N,NORTH
2a719a54-b9e0-40af-8ae2-eb1274f97e88,CUST0000204,DATA,1341700545583,5595562168335,TWR00064,2026-08-28 20:14:08,2026-08-28 20:14:08,0,94.797,N,WEST
d2b8e4b7-b25b-4618-8763-83670f89f9af,CUST0000048,VOICE,6680895049108,0431715578521,TWR00037,2026-08-28 20:11:27,2026-08-28 20:16:40,313,0,N,WEST
0e642bd5-acd5-41e4-906a-6b21a67d38e4,CUST0000018,VOICE,9336860931608,0105583911153,TWR00088,2026-08-28 13:11:10,2026-08-28 13:24:50,820,0,N,NORTH
9e697ce5-f08f-4ea1-b056-646335e08746,CUST0000239,DATA,0264009333963,9020388782188,TWR00013,2026-08-28 11:43:46,2026-08-28 11:43:46,0,328.278,N,NORTH
aebdec17-28de-415a-81bf-829a27da1e02,CUST0000083,VOICE,8447816766342,8348124266474,TWR00059,2026-08-28 18:32:24,2026-08-28 18:55:54,1410,0,Y,WEST
04dc48ca-99b5-4bec-9ec2-debabe6fe380,CUST0000217,DATA,6440478327966,7958187744992,TWR00095,2026-08-28 09:27:16,2026-08-28 09:27:16,0,317.424,N,WEST
6745500c-70f0-46a6-b669-e92e31b0657e,CUST0000258,SMS,6871446939953,5566423940269,TWR00109,2026-08-28 15:45:21,2026-08-28 15:45:21,0,0,N,EAST
22f1ce2c-425c-4574-95f8-2828c5442aee,CUST0000058,DATA,8964966681182,9232468722037,TWR00050,2026-08-28 13:34:48,2026-08-28 13:34:48,0,435.287,N,NORTH
8bde2709-3186-4fb7-a79e-e3634665635c,CUST0000173,DATA,3784061386748,7830455965765,TWR00026,2026-08-28 22:37:16,2026-08-28 22:37:16,0,257.933,N,WEST
c931b76f-2f59-4854-b1d8-3e13dab49dca,CUST0000223,VOICE,8680055126764,9436327056146,TWR00063,2026-08-28 09:02:07,2026-08-28 09:31:49,1782,0,N,NORTH
3b03e227-a4c4-4fc3-aaae-57fe0ae92e72,CUST0000190,VOICE,3442004218674,1520351919850,TWR00105,2026-08-28 10:43:18,2026-08-28 11:09:33,1575,0,Y,EAST
eca7149c-dd02-4e45-85f2-76ddc46285a1,CUST0000092,VOICE,6513358508143,2987663279042,TWR00039,2026-08-28 13:01:28,2026-08-28 13:12:37,669,0,N,NORTH
6657eb95-3f1b-4349-ad93-6450d7f47ab3,CUST0000183,DATA,3810608917005,2918457496599,TWR00032,2026-08-28 17:47:25,2026-08-28 17:47:25,0,88.442,N,SOUTH
bf3f78d1-00a3-4f63-952c-399b32ad53d8,CUST0000075,DATA,5270259961143,8304077513061,TWR00045,2026-08-28 13:57:17,2026-08-28 13:57:17,0,485.955,N,SOUTH
4467ab1f-d847-47c2-b991-d85deba3ff9e,CUST0000269,SMS,9221689745371,7320431927431,TWR00048,2026-08-28 01:04:20,2026-08-28 01:04:20,0,0,N,NORTH
6a0e0847-4a7f-4302-a851-e19b1cf5ac7d,CUST0000196,SMS,6665602336165,8062475552672,TWR00119,2026-08-28 23:05:21,2026-08-28 23:05:21,0,0,N,EAST
e7edcc24-0b79-4a67-ad07-8ad11b2a0f66,CUST0000217,SMS,3670275100568,0690571121816,TWR00093,2026-08-28 05:47:16,2026-08-28 05:47:16,0,0,N,NORTH
fe7445fe-486c-47ff-afa1-780b5fa4fd4b,CUST0000222,DATA,9323539330548,9516570794321,TWR00039,2026-08-28 06:36:16,2026-08-28 06:36:16,0,308.175,N,SOUTH
8c97e4e7-d35d-4e73-8d34-056f18a26b72,CUST0000026,SMS,0242646855190,0411548805109,TWR00120,2026-08-28 15:13:48,2026-08-28 15:13:48,0,0,N,SOUTH
382c9261-0d44-4d89-a1e6-b713c16cf6ae,CUST0000142,SMS,3465336330575,3700984164377,TWR00117,2026-08-28 01:38:25,2026-08-28 01:38:25,0,0,N,EAST
02b0d3ee-7b42-4f9a-bcb1-c879019d3e1c,CUST0000140,VOICE,2170470125928,3971785681769,TWR00085,2026-08-28 06:01:50,2026-08-28 06:16:03,853,0,N,EAST
7b0cc1da-78d4-4579-9e0b-4b5835395dd5,CUST0000237,SMS,5059173930105,9169833179364,TWR00029,2026-08-28 20:20:06,2026-08-28 20:20:06,0,0,N,EAST
a2087fcc-2b24-47ee-8cf4-130be50c664b,CUST0000114,VOICE,0894406545259,5707650946207,TWR00106,2026-08-28 09:46:45,2026-08-28 10:07:37,1252,0,N,WEST
3839215e-a7cc-4a32-82f2-ca859980db82,CUST0000169,SMS,6227192602611,8010936091949,TWR00002,2026-08-28 15:59:35,2026-08-28 15:59:35,0,0,N,EAST
10497fac-07ac-4cc5-a567-c378da43d7bb,CUST0000178,DATA,8170032762805,7770149726821,TWR00096,2026-08-28 04:29:54,2026-08-28 04:29:54,0,249.988,N,SOUTH
9759d4f9-b4e9-44f7-a77a-f11d93c32b62,CUST0000200,VOICE,9569646077359,6919220513563,TWR00011,2026-08-28 01:42:54,2026-08-28 02:02:29,1175,0,N,EAST
bd8c89ee-8786-4326-9e4a-b2dd4c2f1f33,CUST0000043,VOICE,4892500751674,7358182177487,TWR00097,2026-08-28 16:23:19,2026-08-28 16:33:21,602,0,N,WEST
1accaae9-e576-46ed-aed2-34441858179b,CUST0000016,VOICE,7793599584383,6999712520193,TWR00073,2026-08-28 18:10:39,2026-08-28 18:22:44,725,0,N,NORTH
e216606b-ceee-438d-8df9-8f2f37b2f1d8,CUST0000146,SMS,6469126719196,3530313878305,TWR00118,2026-08-28 15:15:24,2026-08-28 15:15:24,0,0,N,WEST
eea3ba13-d0e2-4bb9-9191-b74d7c8abba1,CUST0000064,VOICE,8287533552620,9487478112826,TWR00038,2026-08-28 06:13:07,2026-08-28 06:32:40,1173,0,N,SOUTH
861eada1-f72c-421c-b81e-c50031c8af41,CUST0000206,SMS,4517392229317,8650394750557,TWR00054,2026-08-28 11:48:13,2026-08-28 11:48:13,0,0,N,EAST
b6830aec-af00-4d6d-b1f3-f5a50af90b01,CUST0000164,DATA,7917431243453,3811575092720,TWR00114,2026-08-28 20:06:42,2026-08-28 20:06:42,0,343.735,N,EAST
861a2177-044a-46d3-abe7-e62788806612,CUST0000258,SMS,8036957562943,9168670885506,TWR00052,2026-08-28 12:14:54,2026-08-28 12:14:54,0,0,N,WEST
982abc77-9bcd-483d-b807-5684cd51657f,CUST0000147,DATA,3944101042797,9354921018188,TWR00112,2026-08-28 14:10:59,2026-08-28 14:10:59,0,89.636,N,EAST
d87bfd13-f44d-419c-b65e-9541e18bc374,CUST0000238,DATA,9913293575384,1157034756016,TWR00050,2026-08-28 21:58:06,2026-08-28 21:58:06,0,290.499,N,WEST
2d87c9e5-e7ac-492b-a7bb-59ac7fc7eb91,CUST0000211,VOICE,2624554620213,4692239407173,TWR00079,2026-08-28 00:39:14,2026-08-28 00:44:02,288,0,N,NORTH
b772dd66-bb81-4a5c-801c-5f1f915ceb2d,CUST0000293,DATA,3466095470060,9810795163521,TWR00032,2026-08-28 00:20:39,2026-08-28 00:20:39,0,84.063,N,NORTH
8a7b6b09-1f11-4412-a5fc-af39436e0865,CUST0000190,VOICE,1202241756168,9564185413336,TWR00050,2026-08-28 19:56:50,2026-08-28 20:19:14,1344,0,N,SOUTH
659d580e-2e8f-4ff5-91c6-118f42b06337,CUST0000083,SMS,5028591565817,5782905249221,TWR00023,2026-08-28 23:55:15,2026-08-28 23:55:15,0,0,N,SOUTH
8ca3dec9-1d0f-4a3a-88fb-28d5ac6f3254,CUST0000166,VOICE,1429994814140,3856993914265,TWR00074,2026-08-28 02:57:01,2026-08-28 03:04:09,428,0,N,SOUTH
8a538bde-b59d-4150-8bc3-78cdf9c40e0c,CUST0000228,DATA,0120174020984,6988866594818,TWR00083,2026-08-28 05:29:32,2026-08-28 05:29:32,0,56.467,N,EAST
6c513cbe-9880-4d64-a8be-4719b1c4aff2,CUST0000082,VOICE,7291367591644,5321801130852,TWR00005,2026-08-28 23:04:00,2026-08-28 23:29:38,1538,0,N,WEST
3237ae90-3711-4abd-8201-47ec0128fd22,CUST0000267,DATA,1568234284022,6267132025342,TWR00054,2026-08-28 12:04:50,2026-08-28 12:04:50,0,478.83,N,NORTH
7567f49a-c48d-490f-a831-6e3dd8ad2030,CUST0000274,DATA,8670776042939,6674087721075,TWR00093,2026-08-28 14:30:52,2026-08-28 14:30:52,0,30.833,N,NORTH
93c09558-c976-43bb-8645-ec5ae7167785,CUST0000187,SMS,4003305109724,2542654168939,TWR00057,2026-08-28 16:40:41,2026-08-28 16:40:41,0,0,N,NORTH
d3c77331-c3fd-4ea1-adb4-b98706615d34,CUST0000054,VOICE,7639852381828,6327868070423,TWR00097,2026-08-28 08:48:52,2026-08-28 09:08:44,1192,0,N,SOUTH
23f50fde-4ae5-4e88-825f-d3b79f3ca5cc,CUST0000188,SMS,7318995931169,1353470507077,TWR00032,2026-08-28 10:09:58,2026-08-28 10:09:58,0,0,N,SOUTH
9c15d291-eebc-471c-9608-4b4f9901c65d,CUST0000136,VOICE,0884949996357,8662138059519,TWR00116,2026-08-28 20:44:04,2026-08-28 20:59:47,943,0,N,SOUTH
17b7b587-b302-4c58-9bb9-1245aa06edbb,CUST0000134,VOICE,8454225955133,5915419635110,TWR00058,2026-08-28 22:28:21,2026-08-28 22:55:18,1617,0,N,EAST
8ca6f6a4-d391-4e2f-9cbb-e54a9ec4cbb8,CUST0000019,DATA,7451363659050,1737223426787,TWR00004,2026-08-28 04:33:18,2026-08-28 04:33:18,0,111.29,N,EAST
c216a278-3992-4187-8351-fc032053fdce,CUST0000150,VOICE,3238128171899,5475211275963,TWR00040,2026-08-28 22:10:36,2026-08-28 22:32:19,1303,0,N,WEST
91cd63a2-295e-410f-b750-c67fd76acd68,CUST0000151,VOICE,3114933108862,0659400381803,TWR00038,2026-08-28 22:08:09,2026-08-28 22:28:58,1249,0,N,EAST
e23d88ed-be7e-4998-8dfa-ca1401bb34ba,CUST0000117,VOICE,4851002182414,8170284616878,TWR00075,2026-08-28 06:37:19,2026-08-28 06:42:27,308,0,Y,EAST
93ede73e-c94e-43bc-bd86-21dfc4035353,CUST0000261,DATA,3214999703204,4743344210651,TWR00080,2026-08-28 16:25:30,2026-08-28 16:25:30,0,450.102,N,SOUTH
d0f416ee-457f-4233-80db-b20f7f919bbb,CUST0000257,VOICE,0460104131355,7942072239567,TWR00083,2026-08-28 11:24:55,2026-08-28 11:41:33,998,0,N,WEST
5d403940-b1fc-4cd6-9293-d57f91c78edd,CUST0000090,SMS,1761898987877,7751387712398,TWR00009,2026-08-28 12:00:42,2026-08-28 12:00:42,0,0,N,EAST
6f57cb58-da6f-4d65-9664-e977f8712460,CUST0000106,VOICE,8939720487304,1945586817341,TWR00102,2026-08-28 08:38:49,2026-08-28 09:03:46,1497,0,N,SOUTH
6347091e-9d4b-477c-a66a-48c381515abd,CUST0000183,SMS,7964031575859,9185362054493,TWR00117,2026-08-28 18:58:40,2026-08-28 18:58:40,0,0,Y,SOUTH
833e90ba-4151-4c7d-a139-6329934837f7,CUST0000104,SMS,9271954063856,0207153784205,TWR00013,2026-08-28 01:25:40,2026-08-28 01:25:40,0,0,N,NORTH
c8b4a1c7-e99d-4bc1-9914-ef23bf45b9a6,CUST0000139,SMS,5535440789677,2100720409471,TWR00069,2026-08-28 17:54:47,2026-08-28 17:54:47,0,0,N,NORTH
9120101c-35ba-403d-8ea7-b4de8ecc252f,CUST0000229,SMS,2461757804104,6718644262447,TWR00103,2026-08-28 07:15:16,2026-08-28 07:15:16,0,0,N,SOUTH
7eab5420-2e5e-48a1-b016-2cdccaff3250,CUST0000117,DATA,4986711018770,3257044307324,TWR00078,2026-08-28 14:11:02,2026-08-28 14:11:02,0,133.616,N,SOUTH
0fe40708-9801-40b6-bc1a-ce4906b00fe5,CUST0000033,DATA,6899749030438,7799899246924,TWR00008,2026-08-28 04:33:19,2026-08-28 04:33:19,0,104.658,N,WEST
498e2b92-c8a4-4e44-9153-a0e8548ed579,CUST0000238,VOICE,0481130186432,1456518127591,TWR00010,2026-08-28 01:20:50,2026-08-28 01:42:33,1303,0,N,NORTH
cadfb997-586f-47b3-a025-d69db342e7a5,CUST0000227,VOICE,0034374325674,5362512311541,TWR00028,2026-08-28 06:06:34,2026-08-28 06:26:46,1212,0,N,EAST
b0f4b59f-0482-4e8f-96f1-79daf6d6cde2,CUST0000292,VOICE,1902060713693,0522144267353,TWR00093,2026-08-28 13:55:57,2026-08-28 13:59:50,233,0,N,SOUTH
9727a46b-b006-4898-977e-8aefc27552ad,CUST0000234,DATA,2561161599944,6184553758268,TWR00077,2026-08-28 08:48:26,2026-08-28 08:48:26,0,136.101,N,EAST
e30df167-61c6-4b07-a00b-daf802028d5d,CUST0000260,SMS,9508149940232,5859358035288,TWR00034,2026-08-28 09:41:19,2026-08-28 09:41:19,0,0,N,SOUTH
cfc46ca0-2a13-48be-a41b-0ba78c6780b4,CUST0000175,VOICE,5075078197354,2524777744496,TWR00057,2026-08-28 17:32:19,2026-08-28 17:53:45,1286,0,N,SOUTH
76cddceb-061d-4b29-89e4-dec547e431b1,CUST0000250,VOICE,9304640060698,6486275537793,TWR00023,2026-08-28 16:30:31,2026-08-28 16:36:10,339,0,N,WEST
686e2bec-5a96-42b7-83b3-836188eee53d,CUST0000156,VOICE,4609121040725,5396016099324,TWR00069,2026-08-28 14:21:40,2026-08-28 14:45:11,1411,0,N,SOUTH
faab68f3-6d4c-4e68-9703-c4646284d599,CUST0000056,DATA,0792625174316,3250394398844,TWR00040,2026-08-28 06:19:32,2026-08-28 06:19:32,0,160.688,N,NORTH
dd0dc0d9-ad10-453d-8a86-3cd997c3076a,CUST0000154,DATA,7895236179496,5495957812731,TWR00020,2026-08-28 06:36:43,2026-08-28 06:36:43,0,162.559,N,WEST
5d651dae-bcc2-444b-a5c0-f38eb02a9b3d,CUST0000088,DATA,4271832240239,6276176404046,TWR00042,2026-08-28 19:42:10,2026-08-28 19:42:10,0,478.397,N,WEST
3a94bad5-3494-4dc6-8512-1ed79e83383d,CUST0000138,VOICE,5112863811050,2892074595282,TWR00107,2026-08-28 08:30:59,2026-08-28 09:00:17,1758,0,N,SOUTH
4dac2837-0ef1-4530-b9f9-2864c3bf6acd,CUST0000157,VOICE,6774239354337,2783969215100,TWR00058,2026-08-28 11:53:47,2026-08-28 12:04:37,650,0,N,WEST
c8bc8252-bd2a-4403-a6bb-38af8f292a96,CUST0000214,VOICE,6077214348696,3715573105208,TWR00083,2026-08-28 12:03:26,2026-08-28 12:15:35,729,0,N,WEST
d361bf4a-01fd-49da-adff-d51f96a2af51,CUST0000141,VOICE,1873095079337,3129734148502,TWR00092,2026-08-28 22:12:13,2026-08-28 22:34:53,1360,0,N,EAST
e3b0a1bf-06b5-4a0b-bf46-4f21abc24d3e,CUST0000013,VOICE,5908268009072,0871218945239,TWR00095,2026-08-28 12:20:35,2026-08-28 12:39:46,1151,0,N,SOUTH
be477a48-6ed0-4178-b779-867e4f656033,CUST0000258,SMS,9602331599875,7579032308880,TWR00032,2026-08-28 08:06:04,2026-08-28 08:06:04,0,0,N,WEST
cb8f0e46-c0de-48c0-a9fd-fdeb4556d503,CUST0000241,DATA,0941750241300,8867587558509,TWR00050,2026-08-28 01:49:42,2026-08-28 01:49:42,0,344.213,N,WEST
264feec7-9d2c-46d7-88c7-97f01353935e,CUST0000128,VOICE,9145049723669,6272865181420,TWR00013,2026-08-28 19:37:24,2026-08-28 19:39:30,126,0,N,EAST
14284aab-e2ec-4629-bfac-5d5ec21efde2,CUST0000142,SMS,3845046217643,9394166740788,TWR00015,2026-08-28 14:59:18,2026-08-28 14:59:18,0,0,N,NORTH
21496f47-1479-4d5e-b471-ab8ec1e548eb,CUST0000167,DATA,9858574911066,2641879397895,TWR00020,2026-08-28 23:26:52,2026-08-28 23:26:52,0,437.101,N,SOUTH
13c3c4a0-0807-4479-825b-3b9a28b8857a,CUST0000288,VOICE,7701249316459,4378047040793,TWR00098,2026-08-28 07:20:36,2026-08-28 07:39:20,1124,0,N,EAST
45ec4e93-1e0b-4bce-ba60-9654be0fdc78,CUST0000012,VOICE,5187569269203,7357125672123,TWR00092,2026-08-28 02:55:50,2026-08-28 03:19:47,1437,0,N,EAST
22be20b0-4afc-4990-b6cf-2e1b5e0ce7ee,CUST0000229,DATA,0857895915324,5660098057836,TWR00060,2026-08-28 06:11:20,2026-08-28 06:11:20,0,114.613,N,SOUTH
bb6b9690-14b8-449b-a514-c7ac09197f0a,CUST0000133,VOICE,3034136532985,8499770706007,TWR00016,2026-08-28 23:59:01,2026-08-29 00:03:53,292,0,N,WEST
60585f03-f7b8-4683-898f-a0f895c18aba,CUST0000203,DATA,6143370049174,3687163876215,TWR00008,2026-08-28 01:53:33,2026-08-28 01:53:33,0,456.578,N,NORTH
a77c5ff4-6299-4152-9277-76710f0d0116,CUST0000290,SMS,7405458661824,4142785314198,TWR00103,2026-08-28 01:32:55,2026-08-28 01:32:55,0,0,N,WEST
c5e56830-f19b-42c8-9052-c407cba55215,CUST0000145,SMS,2634921223399,1590071320448,TWR00010,2026-08-28 20:04:47,2026-08-28 20:04:47,0,0,N,NORTH
e89de3e5-da73-4189-9334-dd50cf316570,CUST0000273,VOICE,5677154176604,6893911645767,TWR00074,2026-08-28 16:54:54,2026-08-28 16:57:58,184,0,N,SOUTH
2d151741-ae55-4010-9f1a-693d7eb6e1d0,CUST0000038,DATA,6576664760852,8529645521750,TWR00060,2026-08-28 13:52:17,2026-08-28 13:52:17,0,226.193,N,SOUTH
d256d4cf-3e32-49ff-a925-2b92c25aa1ec,CUST0000170,VOICE,9988782988727,4422061850692,TWR00068,2026-08-28 20:36:21,2026-08-28 20:51:55,934,0,N,WEST
e886f266-a4f7-4681-b3e6-4df6fc088ac4,CUST0000011,SMS,3864006724663,3214303183933,TWR00107,2026-08-28 09:00:39,2026-08-28 09:00:39,0,0,N,NORTH
82bbae95-9e49-4ed0-8394-e18a200d0ac6,CUST0000116,VOICE,1118406548855,5524529615143,TWR00075,2026-08-28 04:16:54,2026-08-28 04:24:35,461,0,N,EAST
0d8b9050-6b31-4edb-a80e-8e5205f27a6c,CUST0000273,SMS,9745783517983,1355669633895,TWR00106,2026-08-28 21:12:49,2026-08-28 21:12:49,0,0,N,EAST
8ce18ba2-30fd-4125-a90e-31f9f3722562,CUST0000296,VOICE,4178256019991,2469476293684,TWR00013,2026-08-28 04:13:19,2026-08-28 04:19:35,376,0,Y,NORTH
eec7e351-c86f-4d2b-a6f8-83ba8d7a97a3,CUST0000066,SMS,6851797367990,0271909520387,TWR00041,2026-08-28 02:20:55,2026-08-28 02:20:55,0,0,N,SOUTH
e3f653bc-daa6-4fa9-8d8d-dfc4823f0128,CUST0000104,VOICE,1215190456244,2201656633935,TWR00099,2026-08-28 13:17:14,2026-08-28 13:24:43,449,0,N,SOUTH
68e7485b-a48e-4ca1-8263-45ff6af1b639,CUST0000226,VOICE,8243262538140,0755984142024,TWR00096,2026-08-28 12:01:28,2026-08-28 12:31:09,1781,0,N,SOUTH
556a7ed6-9cdc-42c9-990e-9c407f0483ba,CUST0000195,VOICE,3507450933280,0244043109077,TWR00099,2026-08-28 14:25:12,2026-08-28 14:32:18,426,0,N,NORTH
16c88da8-32ff-43c9-ac3c-fc8a0eb31545,CUST0000048,DATA,8235327737655,7617275735548,TWR00093,2026-08-28 16:58:37,2026-08-28 16:58:37,0,258.732,N,SOUTH
75340d61-6334-41d1-8445-891e694247ab,CUST0000062,DATA,4712666153939,9427021501343,TWR00096,2026-08-28 23:38:22,2026-08-28 23:38:22,0,497.683,N,SOUTH
088fde7b-ed4d-4724-898b-6044bec85d30,CUST0000047,DATA,9062798958247,3391299037191,TWR00066,2026-08-28 11:30:16,2026-08-28 11:30:16,0,56.884,N,NORTH
d1ef01a8-ee80-43a2-91ee-0c44aa0036d6,CUST0000195,DATA,7593955714211,2206591004436,TWR00046,2026-08-28 12:54:06,2026-08-28 12:54:06,0,180.836,N,NORTH
b41c8e38-060b-4efd-8570-43027a4aafee,CUST0000223,DATA,3644432969142,0072276835278,TWR00090,2026-08-28 20:19:14,2026-08-28 20:19:14,0,43.141,N,WEST
a32ebeba-fbb0-416f-baf4-5b60f8388da1,CUST0000242,VOICE,8785710933853,0090063258677,TWR00006,2026-08-28 08:46:41,2026-08-28 08:57:48,667,0,N,SOUTH
bb25407e-a481-4626-9020-8c5b7a96f019,CUST0000091,SMS,4658617284703,4633246568415,TWR00018,2026-08-28 04:33:09,2026-08-28 04:33:09,0,0,N,NORTH
d273179c-410b-4551-8870-b2fbba578128,CUST0000032,SMS,6351757351851,6965959656003,TWR00085,2026-08-28 06:55:47,2026-08-28 06:55:47,0,0,N,WEST
e0788e77-bbb2-4596-83c0-a6c9d54f6639,CUST0000081,SMS,7522964842109,2251455795372,TWR00020,2026-08-28 05:59:33,2026-08-28 05:59:33,0,0,N,SOUTH
796cc633-1b3b-48dc-89af-bf00291e1de4,CUST0000187,DATA,7660414264302,0813722982109,TWR00004,2026-08-28 03:50:10,2026-08-28 03:50:10,0,249.28,N,EAST
7ae510d4-8a2e-4972-8546-bc8de00c035c,CUST0000136,DATA,5243922950149,2840769539087,TWR00043,2026-08-28 00:50:01,2026-08-28 00:50:01,0,15.22,N,SOUTH
b0cab2dd-0723-49d3-b143-05657975294a,CUST0000209,VOICE,4767900782446,6694836094386,TWR00068,2026-08-28 12:48:38,2026-08-28 13:13:22,1484,0,N,NORTH
dd0d491d-d019-4d53-9e6e-f5aca6229552,CUST0000008,VOICE,5085592562972,6923257273468,TWR00015,2026-08-28 07:05:26,2026-08-28 07:07:46,140,0,N,WEST
d1119968-51c0-4011-8229-f17adcd11fc5,CUST0000213,DATA,7047233446661,5149618068628,TWR00110,2026-08-28 17:28:08,2026-08-28 17:28:08,0,302.032,N,EAST
cc27f9f9-9464-4d30-99be-c506d0581763,CUST0000244,SMS,8879244940395,8695613440883,TWR00085,2026-08-28 08:08:20,2026-08-28 08:08:20,0,0,N,NORTH
ee095802-ce51-4906-9893-4a945dd4772a,CUST0000245,SMS,1838016934769,2377939801220,TWR00029,2026-08-28 18:12:08,2026-08-28 18:12:08,0,0,N,SOUTH
dfbb04c9-8a24-4d8c-a807-6ea4f1feff09,CUST0000116,DATA,6318520023915,3133631409821,TWR00052,2026-08-28 23:06:45,2026-08-28 23:06:45,0,141.868,N,SOUTH
ef7dd0b2-9391-41c1-9a96-b2dee7fb1194,CUST0000116,VOICE,7023189672012,9031775690001,TWR00091,2026-08-28 23:42:19,2026-08-28 23:53:37,678,0,N,EAST
aa07f8c0-1741-466e-a652-1996aa54aaaf,CUST0000068,VOICE,7653244834387,5154746911708,TWR00095,2026-08-28 11:42:09,2026-08-28 12:02:00,1191,0,N,NORTH
ac301155-1c1b-4c0b-8fe9-efb576ab0fb7,CUST0000198,DATA,0272820400938,8349123216005,TWR00019,2026-08-28 06:11:00,2026-08-28 06:11:00,0,317.681,N,SOUTH
464bb6c1-0adc-4e97-b025-ff5bdfdd3758,CUST0000083,SMS,2418325276252,2131167954283,TWR00062,2026-08-28 00:36:30,2026-08-28 00:36:30,0,0,N,SOUTH
9770a811-8462-4a50-9aab-630b28385c6f,CUST0000296,SMS,6701167811678,2902515386426,TWR00034,2026-08-28 06:29:39,2026-08-28 06:29:39,0,0,N,NORTH
055d247a-d746-4ee5-a4f7-ca49a98d8a43,CUST0000144,DATA,3022099417530,0531984105075,TWR00044,2026-08-28 16:59:21,2026-08-28 16:59:21,0,498.346,N,EAST
0b2908da-c4f0-4a68-8097-09ebdf3f80a1,CUST0000250,DATA,0848528467703,8467970083076,TWR00086,2026-08-28 14:42:06,2026-08-28 14:42:06,0,428.251,N,EAST
255affcf-81eb-4634-8c1f-4be11eb52e92,CUST0000033,DATA,4058355017272,9732829018320,TWR00070,2026-08-28 13:41:01,2026-08-28 13:41:01,0,63.988,N,WEST
88fe3e9d-910b-4438-a46f-3a03fc6726cd,CUST0000057,VOICE,1121340636801,5024065117471,TWR00045,2026-08-28 22:18:08,2026-08-28 22:48:01,1793,0,N,WEST
9475abfa-40cc-43ff-a73e-2625a2f81777,CUST0000284,DATA,7064857968863,2407904481388,TWR00024,2026-08-28 02:55:32,2026-08-28 02:55:32,0,199.381,N,SOUTH
260d7b96-40b5-429e-b594-ba697cfd0298,CUST0000073,DATA,9011456767761,2496017092176,TWR00026,2026-08-28 07:49:01,2026-08-28 07:49:01,0,366.973,N,SOUTH
bca94b79-fd6a-46a1-a34b-3219bec65699,CUST0000289,DATA,5177022380453,7827725320959,TWR00069,2026-08-28 16:03:51,2026-08-28 16:03:51,0,181.965,N,SOUTH
9aa5e1f1-0a90-4ec5-a77f-8fc133cf18dd,CUST0000192,VOICE,8489873587272,3570240939866,TWR00110,2026-08-28 21:10:40,2026-08-28 21:32:24,1304,0,N,SOUTH
0ae9263c-d0a7-4cf9-aef3-92e6a3276b7b,CUST0000277,DATA,9846484427398,5652391886762,TWR00026,2026-08-28 19:27:54,2026-08-28 19:27:54,0,139.932,N,WEST
57f33728-cd93-47e1-94d7-d1b784aaf039,CUST0000152,SMS,7353340620166,3401421563452,TWR00061,2026-08-28 16:26:57,2026-08-28 16:26:57,0,0,N,SOUTH
a569380f-ede9-4026-9e23-cc93c6b13bcd,CUST0000154,VOICE,3628862335704,4551434421117,TWR00040,2026-08-28 08:45:35,2026-08-28 09:08:28,1373,0,N,NORTH
b3c6e93b-8aa0-4965-b3d0-f8a2cce4eae4,CUST0000031,DATA,4944957421884,4638151291164,TWR00106,2026-08-28 04:09:30,2026-08-28 04:09:30,0,80.966,N,SOUTH
7a56b637-8f78-4fb3-b43d-3a5e18233832,CUST0000201,DATA,9246429987247,5399875915300,TWR00076,2026-08-28 20:26:25,2026-08-28 20:26:25,0,97.492,N,NORTH
5eb28a26-ad79-40a4-b4b0-1a81f884721a,CUST0000116,DATA,5145183479230,7824531081246,TWR00052,2026-08-28 08:08:57,2026-08-28 08:08:57,0,62.612,N,SOUTH
cdf334a3-d98e-45ca-a5e7-af655d1fd69f,CUST0000106,SMS,3786243014606,9610696374912,TWR00042,2026-08-28 21:17:48,2026-08-28 21:17:48,0,0,Y,NORTH
404aa99e-17e2-4e37-bd3f-39436f07232b,CUST0000267,VOICE,8790650614715,1125023160040,TWR00061,2026-08-28 03:49:40,2026-08-28 04:10:10,1230,0,N,WEST
25695bf1-527a-4b8e-a0d7-0cb0f58d2702,CUST0000153,DATA,7289868321208,1498425079669,TWR00059,2026-08-28 17:47:39,2026-08-28 17:47:39,0,77.685,N,EAST
f36690dc-b2ca-4ed3-92e2-12111d9dafdb,CUST0000140,DATA,8420014144246,7372386159528,TWR00115,2026-08-28 01:24:53,2026-08-28 01:24:53,0,128.471,N,WEST
eb4dc12a-a387-4308-85c1-6fd0e6878490,CUST0000300,VOICE,9947576379829,0557797983676,TWR00063,2026-08-28 22:44:55,2026-08-28 23:12:07,1632,0,N,SOUTH
8acc4f2c-b5a3-48fd-ac3e-8b3b30ef94ee,CUST0000268,VOICE,7410593948150,3903560285869,TWR00047,2026-08-28 23:38:38,2026-08-29 00:08:14,1776,0,N,WEST
8969b343-7844-404a-9ee7-1cb8686c0fe2,CUST0000222,SMS,6096354760751,1018426226441,TWR00099,2026-08-28 20:06:55,2026-08-28 20:06:55,0,0,N,EAST
ff5aaf53-c023-4737-bc0c-833fe315ae96,CUST0000129,DATA,2459408593565,5243779507655,TWR00108,2026-08-28 10:26:42,2026-08-28 10:26:42,0,126.373,N,NORTH
1ed97dc5-ba8a-4d01-97e3-23fcb6807a87,CUST0000052,DATA,3748525122584,7901752279294,TWR00064,2026-08-28 15:15:37,2026-08-28 15:15:37,0,111.473,N,EAST
337d0b79-2686-436d-9604-22399061958c,CUST0000054,DATA,5239674999020,8540700841591,TWR00078,2026-08-28 22:31:35,2026-08-28 22:31:35,0,418.869,N,WEST
960c4468-a924-4c97-9f7c-11964ed2e13e,CUST0000022,DATA,4269575385139,6352946142620,TWR00083,2026-08-28 18:53:50,2026-08-28 18:53:50,0,477.082,N,NORTH
c07cb276-6da2-474e-a451-97e8e542a58b,CUST0000123,SMS,0852063346118,8737282659338,TWR00078,2026-08-28 21:45:57,2026-08-28 21:45:57,0,0,N,WEST
1a53c868-2135-410c-9c07-019a1fb52b2f,CUST0000021,VOICE,4191716033308,4418436602093,TWR00111,2026-08-28 14:54:29,2026-08-28 15:14:08,1179,0,N,WEST
5a37f14e-eecd-43c3-a33e-f587aaf733ad,CUST0000222,DATA,3788021093676,7773657645545,TWR00024,2026-08-28 00:13:36,2026-08-28 00:13:36,0,13.048,N,NORTH
5639dc16-31f4-400d-9441-d9ede8c4b829,CUST0000150,DATA,3481954351102,9395533089233,TWR00109,2026-08-28 00:46:29,2026-08-28 00:46:29,0,445.581,N,EAST
8fa7f5eb-bf62-4aa1-b73d-d5fa1b10b73c,CUST0000181,DATA,1351485507026,0626067415144,TWR00101,2026-08-28 07:17:28,2026-08-28 07:17:28,0,24.852,N,EAST
f8ae263d-61e2-4d37-9d50-cb23dec829f5,CUST0000083,VOICE,6216483427973,2940695725202,TWR00052,2026-08-28 17:41:20,2026-08-28 18:06:41,1521,0,N,SOUTH
88c3f7e4-c82d-4cb6-82c0-111dc6a18638,CUST0000256,DATA,5893771258284,9949516599194,TWR00069,2026-08-28 10:22:39,2026-08-28 10:22:39,0,370.19,N,SOUTH
35f82425-e764-4b74-bd97-4a919496004b,CUST0000163,DATA,6446452390041,2428678554701,TWR00012,2026-08-28 03:58:46,2026-08-28 03:58:46,0,320.086,N,WEST
3a5095df-4d40-45af-8445-3778f9f556f5,CUST0000096,DATA,7950146709367,5028004177073,TWR00091,2026-08-28 06:16:54,2026-08-28 06:16:54,0,243.235,N,WEST
94cde212-5864-4f0f-b435-8c6f34eb101d,CUST0000186,DATA,6031613407992,6457527542832,TWR00015,2026-08-28 05:20:01,2026-08-28 05:20:01,0,95.705,N,EAST
643136ff-9794-4830-8f80-e59c08a1353a,CUST0000287,SMS,7851506688155,1556616689409,TWR00010,2026-08-28 12:39:44,2026-08-28 12:39:44,0,0,N,NORTH
709d0291-a9e7-40e4-a0db-b62f2b4ae40c,CUST0000208,DATA,6364605955161,3395632245182,TWR00069,2026-08-28 04:45:21,2026-08-28 04:45:21,0,177.546,N,WEST
59ad84f7-142e-4f41-952c-5ae3689e94d6,CUST0000054,DATA,6961921269748,9784879896319,TWR00114,2026-08-28 23:52:56,2026-08-28 23:52:56,0,399.445,N,NORTH
ffb5480a-3ab0-40a0-b293-5259c0afebe9,CUST0000166,DATA,3052704369225,6423012746901,TWR00032,2026-08-28 14:52:02,2026-08-28 14:52:02,0,274.446,N,EAST
82f0d4c7-be96-49d8-9435-4694449b5267,CUST0000014,SMS,6319198637085,3606223063567,TWR00113,2026-08-28 22:14:15,2026-08-28 22:14:15,0,0,N,SOUTH
6b5e402e-a9bc-4fd9-8cd8-ff249724a93a,CUST0000075,VOICE,5775694298410,0032730324827,TWR00062,2026-08-28 07:01:54,2026-08-28 07:22:52,1258,0,N,WEST
d0da9e1c-6c61-43ab-86a4-3b5862ea1c04,CUST0000285,SMS,6352356118820,8069586218531,TWR00024,2026-08-28 18:12:26,2026-08-28 18:12:26,0,0,N,WEST
c083d2f2-6103-4d7b-996d-6f9ac67f758d,CUST0000295,DATA,1281779036666,6947281326598,TWR00091,2026-08-28 12:47:16,2026-08-28 12:47:16,0,398.602,N,EAST
c8ffc1a4-de57-48d6-8f9a-472b65f96d3e,CUST0000221,SMS,5033790294037,3531324527567,TWR00046,2026-08-28 07:20:34,2026-08-28 07:20:34,0,0,N,SOUTH
42dc584a-4359-4b31-bc00-1211b14b0ccc,CUST0000165,DATA,9503056878071,6524948918529,TWR00069,2026-08-28 22:15:50,2026-08-28 22:15:50,0,289.9,N,WEST
91fdc807-73bf-4c73-b118-963857d167a8,CUST0000275,VOICE,8820151497776,9136165765282,TWR00092,2026-08-28 19:14:46,2026-08-28 19:26:44,718,0,N,SOUTH
8dd7a4b3-eba9-4ba1-aab1-b800b6deb106,CUST0000239,VOICE,6195490294849,3457766138865,TWR00064,2026-08-28 01:29:39,2026-08-28 01:44:40,901,0,N,NORTH
6eb22c0a-d977-451d-931d-cc00d8e5e4b0,CUST0000088,VOICE,0091595678323,9360194127066,TWR00115,2026-08-28 14:35:41,2026-08-28 14:37:43,122,0,N,SOUTH
3d646889-0f60-431e-8a8d-4ca6fd2e4742,CUST0000033,DATA,8536087807202,3388112099667,TWR00073,2026-08-28 02:46:17,2026-08-28 02:46:17,0,126.754,N,NORTH
8db487f2-7d86-42fc-9476-a95b2b905d30,CUST0000252,SMS,3720373448365,7071905657439,TWR00085,2026-08-28 04:25:13,2026-08-28 04:25:13,0,0,N,EAST
958ac0bf-fb58-4f96-9b9f-597263e33aee,CUST0000170,VOICE,7705467393164,9546887305886,TWR00070,2026-08-28 16:26:09,2026-08-28 16:52:23,1574,0,N,EAST
d4206b15-83e2-424e-a7c6-120c9bc418e6,CUST0000004,DATA,0253129266254,8009580401461,TWR00046,2026-08-28 01:45:48,2026-08-28 01:45:48,0,294.136,N,NORTH
67f1d6cd-bc25-478c-8e8e-92add7b045fa,CUST0000033,SMS,9700019007388,4673474369390,TWR00025,2026-08-28 23:10:46,2026-08-28 23:10:46,0,0,N,SOUTH
44afdb68-ab32-499f-a222-81c2a7b24ed8,CUST0000093,VOICE,1319859671832,3054284251119,TWR00012,2026-08-28 15:46:07,2026-08-28 15:57:31,684,0,N,WEST
f9fab519-1b3f-45e7-8a9b-ceb7e9c7ed63,CUST0000294,DATA,3594094294125,9990323887676,TWR00053,2026-08-28 21:24:51,2026-08-28 21:24:51,0,191.264,N,EAST
3fb7158b-c121-41ef-97a0-632d36fb37c2,CUST0000094,VOICE,0628951340399,8387443081836,TWR00113,2026-08-28 11:11:45,2026-08-28 11:26:31,886,0,N,NORTH
4893d97f-6aa5-45e9-b85d-59028525d3ae,CUST0000095,VOICE,2939702663820,1548185133117,TWR00082,2026-08-28 06:14:22,2026-08-28 06:36:32,1330,0,N,WEST
d9b6375b-3416-43f7-b174-d15824439a04,CUST0000049,SMS,0577677192889,0302875740589,TWR00008,2026-08-28 00:56:38,2026-08-28 00:56:38,0,0,N,NORTH
ce82190b-5701-47ab-82c8-f9fc9d2453b1,CUST0000192,VOICE,3036067787192,9726557136496,TWR00042,2026-08-28 00:33:00,2026-08-28 00:33:14,14,0,N,NORTH
a4ae5fa8-5bb3-4935-9631-68ca636f6673,CUST0000291,SMS,4514537525744,5269901851115,TWR00082,2026-08-28 02:11:12,2026-08-28 02:11:12,0,0,N,SOUTH
7d9f176d-b731-4534-a9fc-10486a785521,CUST0000275,VOICE,7338515764670,0680983831934,TWR00117,2026-08-28 11:06:55,2026-08-28 11:30:19,1404,0,N,EAST
f4ff74ae-3bcb-448d-8d7c-550cdc61ccfa,CUST0000294,VOICE,5027586034563,3892349524570,TWR00023,2026-08-28 14:45:54,2026-08-28 15:12:20,1586,0,N,WEST
70a24f78-1743-4a07-9ba1-9e2ff68ca611,CUST0000016,DATA,1557826388032,2716186286974,TWR00016,2026-08-28 17:56:50,2026-08-28 17:56:50,0,403.795,N,EAST
b9379fc8-a630-4153-8a99-9764a017003b,CUST0000056,VOICE,6237038547872,8193192294123,TWR00116,2026-08-28 05:37:33,2026-08-28 05:43:20,347,0,N,SOUTH
46d6e0c8-da65-48d5-b111-e02d40f8ceb3,CUST0000080,DATA,8062539418545,4189258831400,TWR00085,2026-08-28 10:29:59,2026-08-28 10:29:59,0,274.442,N,WEST
0dc5c6cf-5760-4632-aa98-d9994a46bb1b,CUST0000060,DATA,5630328267354,4798657168962,TWR00047,2026-08-28 02:21:15,2026-08-28 02:21:15,0,71.549,N,WEST
997e20f6-b117-4a21-b9e3-1119b8ed913f,CUST0000097,DATA,3250862868564,4760882309258,TWR00118,2026-08-28 01:22:03,2026-08-28 01:22:03,0,491.19,N,NORTH
e180eff4-a1ae-4231-a475-030829f4ac49,CUST0000267,VOICE,2894673631633,8460172628033,TWR00073,2026-08-28 20:20:58,2026-08-28 20:39:02,1084,0,N,WEST
0a3913f1-1914-4541-860e-0c02704d4dbe,CUST0000280,DATA,4908474911634,0310166366228,TWR00058,2026-08-28 09:20:08,2026-08-28 09:20:08,0,381.998,N,WEST
87d85dec-663a-4e0c-91ac-9a2ba4995c86,CUST0000207,SMS,5541408579622,1108486106600,TWR00063,2026-08-28 02:31:01,2026-08-28 02:31:01,0,0,N,WEST
c4e4a231-474c-4198-a52b-5f7d996137fc,CUST0000200,VOICE,6046901749538,6244106678845,TWR00008,2026-08-28 09:49:43,2026-08-28 10:13:39,1436,0,N,NORTH
bfa033e7-89c5-4ed9-a543-3058ada0084e,CUST0000097,DATA,3216502423893,4407110729850,TWR00096,2026-08-28 09:57:37,2026-08-28 09:57:37,0,450.238,N,EAST
b9b14c68-f87b-4256-a879-672c69bd3b4a,CUST0000025,SMS,3050667148533,1714795541298,TWR00025,2026-08-28 01:19:24,2026-08-28 01:19:24,0,0,N,NORTH
d709fb05-bb6d-45bd-a42c-ae7fbbe5224d,CUST0000223,DATA,4922028815208,2176801269625,TWR00066,2026-08-28 16:54:11,2026-08-28 16:54:11,0,186.041,N,SOUTH
f5bd94a7-0b9c-4b6d-b0e9-2997ed87d330,CUST0000051,SMS,5073249139430,2502749623838,TWR00092,2026-08-28 05:57:14,2026-08-28 05:57:14,0,0,N,SOUTH
c7980450-58da-4b82-8d96-c19b8eb52212,CUST0000254,VOICE,4037654399942,8033086414863,TWR00119,2026-08-28 20:39:00,2026-08-28 20:40:37,97,0,N,NORTH
fb5ba258-5d84-443c-ad55-b9fbf6ad120a,CUST0000149,VOICE,9085050487159,5182377210907,TWR00043,2026-08-28 07:42:52,2026-08-28 08:11:19,1707,0,N,WEST
85a5bc37-0b44-4ba4-a302-9e6a1c4e7855,CUST0000117,SMS,4479391171740,3456884865737,TWR00019,2026-08-28 12:02:09,2026-08-28 12:02:09,0,0,N,EAST
48943d46-40f5-4fac-8a66-05439bf30245,CUST0000217,DATA,4966607236604,4120818036893,TWR00081,2026-08-28 22:55:57,2026-08-28 22:55:57,0,155.56,N,EAST
47e0e478-6fd8-4e2e-9418-6de188a22dbc,CUST0000210,DATA,5289404393516,2695775266848,TWR00049,2026-08-28 13:52:26,2026-08-28 13:52:26,0,139.765,N,WEST
46b68c8a-fbcd-46a4-a5bb-bde1f20db62c,CUST0000130,DATA,3163678175248,3537642983930,TWR00006,2026-08-28 20:44:25,2026-08-28 20:44:25,0,348.305,N,SOUTH
2e1a65fb-681c-4b6f-ba3b-c040988c5055,CUST0000037,DATA,9539526088532,3401149974754,TWR00102,2026-08-28 03:10:57,2026-08-28 03:10:57,0,244.78,N,EAST
9a3710fe-dabb-4697-a88f-66fdb2c7b6b6,CUST0000086,DATA,3770499096781,5659773961034,TWR00120,2026-08-28 08:43:45,2026-08-28 08:43:45,0,347.815,N,EAST
f9ee89e6-92eb-457a-b932-100205030b8c,CUST0000146,DATA,5736891080417,6943072188771,TWR00016,2026-08-28 08:06:48,2026-08-28 08:06:48,0,198.058,N,SOUTH
735365de-7520-4528-a11d-90233e82ecdc,CUST0000045,SMS,9916587236341,0485786712657,TWR00067,2026-08-28 15:12:08,2026-08-28 15:12:08,0,0,N,WEST
8649c8bd-f7fb-4ea8-8cf4-d2dc625486cc,CUST0000246,VOICE,8182912789885,4991960841585,TWR00024,2026-08-28 07:02:53,2026-08-28 07:16:12,799,0,N,NORTH
26a928a3-a619-4d1b-abed-db010149fe6c,CUST0000124,SMS,3730437631855,7071694481440,TWR00019,2026-08-28 11:28:47,2026-08-28 11:28:47,0,0,N,NORTH
adedab28-089c-450f-81f3-72865897071f,CUST0000258,DATA,0407560231064,7972968228854,TWR00093,2026-08-28 06:49:13,2026-08-28 06:49:13,0,159.643,N,SOUTH
2281e7f0-269e-4976-bf22-5ca5954e5a7a,CUST0000175,DATA,7344979925197,6654758783710,TWR00045,2026-08-28 08:58:11,2026-08-28 08:58:11,0,231.556,N,NORTH
a1fedf7f-671c-4474-b5fe-6d784e57b89b,CUST0000201,SMS,3925906771853,0174304025600,TWR00029,2026-08-28 09:32:04,2026-08-28 09:32:04,0,0,N,SOUTH
cad317fe-482f-4db2-85f9-4824ed01eaf7,CUST0000172,DATA,1316677527071,7971763506427,TWR00057,2026-08-28 14:01:55,2026-08-28 14:01:55,0,35.622,N,EAST
8272a830-1f4f-4963-8280-1054acf0baab,CUST0000286,VOICE,9904388176762,7025431639158,TWR00088,2026-08-28 17:20:03,2026-08-28 17:23:56,233,0,N,NORTH
a36ee1ec-efde-445f-9ad6-05a466f0e4c5,CUST0000087,DATA,6472560467820,6906155026134,TWR00019,2026-08-28 10:23:02,2026-08-28 10:23:02,0,450.858,N,NORTH
2db3447d-539c-40b0-823f-d0cbb2b96f1d,CUST0000196,VOICE,9731220667665,0532421694353,TWR00073,2026-08-28 01:52:24,2026-08-28 02:18:43,1579,0,N,SOUTH
0480433b-decd-4a0b-9b9b-fa4864fd59de,CUST0000019,SMS,8617805813805,3213678864555,TWR00106,2026-08-28 02:01:41,2026-08-28 02:01:41,0,0,N,WEST
142854c8-211a-40ae-81e2-160b5e189ce7,CUST0000145,DATA,6151070557052,0868744123599,TWR00096,2026-08-28 12:28:58,2026-08-28 12:28:58,0,119.597,N,EAST
d9552c7d-f0d0-492e-8733-3c9f80844635,CUST0000177,DATA,2586926356006,5515179751937,TWR00118,2026-08-28 20:29:30,2026-08-28 20:29:30,0,449.39,N,EAST
90427a37-e186-4355-9ecb-329ff10a7474,CUST0000115,VOICE,9531273445801,6213461646152,TWR00033,2026-08-28 20:46:11,2026-08-28 20:59:31,800,0,N,EAST
98b3e52c-6d7f-4335-91be-96cccfb21a7f,CUST0000011,SMS,5322247081014,2971988408943,TWR00059,2026-08-28 09:09:02,2026-08-28 09:09:02,0,0,N,SOUTH
b426e715-e050-4b07-888a-493c427ac4de,CUST0000206,VOICE,4812681793008,5889905808140,TWR00054,2026-08-28 20:22:13,2026-08-28 20:36:09,836,0,N,WEST
627e0375-ab06-44ae-8de4-d3fb74262941,CUST0000232,SMS,3405081056358,9902131166946,TWR00044,2026-08-28 12:29:23,2026-08-28 12:29:23,0,0,N,WEST
1d976921-346e-4f63-8ba6-001d3daad5c5,CUST0000069,DATA,2124676428125,6207498849591,TWR00092,2026-08-28 06:15:13,2026-08-28 06:15:13,0,96.292,N,EAST
2f54028e-0c5c-49f7-8e4a-66b360a84992,CUST0000238,SMS,6092033146565,1665781304995,TWR00040,2026-08-28 13:23:41,2026-08-28 13:23:41,0,0,N,SOUTH
bd2b0e19-e3b0-4622-bdfb-e291d7c877d2,CUST0000241,VOICE,4389641645086,9532230724876,TWR00100,2026-08-28 20:28:19,2026-08-28 20:56:49,1710,0,N,WEST
b121ed7b-3d0f-4994-abf4-e4870bab131b,CUST0000027,VOICE,1261395574586,8058393408354,TWR00085,2026-08-28 10:35:56,2026-08-28 10:41:21,325,0,N,WEST
1e04a1a3-d1c9-42c9-86dd-6387848c3424,CUST0000093,DATA,2788598819206,5693259627622,TWR00050,2026-08-28 00:44:13,2026-08-28 00:44:13,0,284.129,N,SOUTH
bf8efd6c-cfad-4c35-a53a-d479cb5343e3,CUST0000206,SMS,6831275341839,5780228017710,TWR00041,2026-08-28 06:09:26,2026-08-28 06:09:26,0,0,N,SOUTH
47a7a7aa-ed80-41be-9e82-42865e0f39b3,CUST0000250,VOICE,2945026944735,4143910323186,TWR00113,2026-08-28 19:33:47,2026-08-28 19:55:18,1291,0,N,NORTH
a815d423-dc9e-4ace-b04c-df19a851a7b1,CUST0000034,VOICE,7906674772011,4083843782601,TWR00007,2026-08-28 00:58:55,2026-08-28 01:28:40,1785,0,N,NORTH
5bba8ed4-745d-4791-848f-1639d791907c,CUST0000161,DATA,7795334225393,2425777277457,TWR00020,2026-08-28 11:12:47,2026-08-28 11:12:47,0,479.02,N,NORTH
aa489c83-40d6-4d70-a9b6-d576299640b2,CUST0000186,DATA,0218852114846,3638396878842,TWR00107,2026-08-28 10:37:57,2026-08-28 10:37:57,0,223.862,N,SOUTH
2f766247-d322-4ea9-bd94-be134979d498,CUST0000149,VOICE,4759835894770,9392853202546,TWR00021,2026-08-28 17:10:57,2026-08-28 17:16:13,316,0,N,WEST
babe3cc9-dfd2-4773-9896-c1fda4930f2b,CUST0000082,SMS,6794677818986,6139594592118,TWR00036,2026-08-28 20:30:44,2026-08-28 20:30:44,0,0,N,SOUTH
3c06f4ae-2ac1-4e26-a4dd-f38d018e8eb3,CUST0000059,DATA,7235019473779,2638965499779,TWR00013,2026-08-28 04:58:28,2026-08-28 04:58:28,0,378.081,N,WEST
d21ebc1a-4111-4853-aeff-a83d355513eb,CUST0000243,SMS,7822008100142,6906251575951,TWR00076,2026-08-28 05:49:01,2026-08-28 05:49:01,0,0,N,EAST
9b579956-6612-4593-9c29-ef952ed1ae56,CUST0000226,SMS,9096710800458,2422749665294,TWR00003,2026-08-28 05:28:57,2026-08-28 05:28:57,0,0,N,EAST
c332b09a-1bde-4f99-93e7-3ded819157e6,CUST0000174,DATA,0517197251234,3536757777342,TWR00018,2026-08-28 11:04:11,2026-08-28 11:04:11,0,312.392,N,SOUTH
898f71fe-3cc8-495d-bee7-7ee8437eff7a,CUST0000057,DATA,5875031049791,0771280619907,TWR00042,2026-08-28 21:12:40,2026-08-28 21:12:40,0,146.882,N,NORTH
41abd0e9-1f00-4cdc-b7d2-4694ea04c264,CUST0000182,DATA,6669747217124,5668303253695,TWR00115,2026-08-28 15:01:39,2026-08-28 15:01:39,0,295.571,N,EAST
e95c7451-378c-4788-a623-a77138fd8531,CUST0000130,VOICE,5587673507810,2839476461261,TWR00063,2026-08-28 08:33:57,2026-08-28 08:34:50,53,0,N,SOUTH
4fa4a1b1-0541-4682-b285-cab4f4ad10fb,CUST0000027,DATA,9936319627564,3909519566300,TWR00058,2026-08-28 22:19:16,2026-08-28 22:19:16,0,498.081,N,EAST
bf97b207-7824-4af4-8909-80f662958d5f,CUST0000235,DATA,3621051640787,4811353739652,TWR00017,2026-08-28 10:35:02,2026-08-28 10:35:02,0,436.148,N,NORTH
603998f4-a497-40c1-821e-4e71e357a396,CUST0000294,VOICE,2959867770554,7129969915482,TWR00049,2026-08-28 12:12:57,2026-08-28 12:29:04,967,0,N,EAST
fb838315-a4f1-457e-b074-459241ac2dd9,CUST0000193,VOICE,0029331326893,4602136884157,TWR00053,2026-08-28 16:54:50,2026-08-28 17:09:24,874,0,N,SOUTH
50e1a659-ab27-4f25-8323-94c6c6743f03,CUST0000178,DATA,1291842519561,6558922355285,TWR00037,2026-08-28 17:12:31,2026-08-28 17:12:31,0,134.07,N,NORTH
ed8aae26-cc82-48d9-9e3c-2c99a121c2d5,CUST0000164,DATA,0630228293352,8971535964726,TWR00017,2026-08-28 03:01:51,2026-08-28 03:01:51,0,403.307,N,NORTH
48710beb-9255-4c6a-921b-27d140ee914d,CUST0000091,SMS,7464550728310,8508808756450,TWR00031,2026-08-28 04:36:51,2026-08-28 04:36:51,0,0,N,NORTH
63b956a4-f2fe-40e4-97e6-31704da1128b,CUST0000005,DATA,8105801088679,4476193788663,TWR00112,2026-08-28 23:51:21,2026-08-28 23:51:21,0,454.547,N,WEST
ee7adf05-343b-4942-b72e-d93be5c835a6,CUST0000170,DATA,4653334774963,7922628191502,TWR00008,2026-08-28 03:39:07,2026-08-28 03:39:07,0,352.37,N,NORTH
08895f24-c4f9-4f5e-b48f-e38f25813e4d,CUST0000096,VOICE,7438734505219,0504726097962,TWR00088,2026-08-28 02:00:27,2026-08-28 02:27:33,1626,0,N,NORTH
e101acea-5aa2-4d8d-aa3d-fe6625e40005,CUST0000041,SMS,4597736609859,9817473665397,TWR00061,2026-08-28 20:33:12,2026-08-28 20:33:12,0,0,N,WEST
14e93857-e442-47a7-8617-f8c2c170e5eb,CUST0000096,SMS,8748955713198,4496163952574,TWR00111,2026-08-28 23:43:37,2026-08-28 23:43:37,0,0,N,WEST
222d4de2-2f08-4daa-8233-5156691e43c6,CUST0000095,SMS,7743721238487,5619189875579,TWR00034,2026-08-28 02:11:12,2026-08-28 02:11:12,0,0,N,SOUTH
eb01181a-5877-435f-9081-f0cb43422a56,CUST0000064,DATA,2290005905451,3658540591934,TWR00109,2026-08-28 02:12:11,2026-08-28 02:12:11,0,161.381,N,SOUTH
d778fcd8-2315-4110-9289-0ee0c020954f,CUST0000203,DATA,2462712393306,3353597598096,TWR00053,2026-08-28 18:18:38,2026-08-28 18:18:38,0,253.821,N,WEST
a52dee74-ab07-4ce2-b464-f414a08852c9,CUST0000129,DATA,8219608787578,7376309773983,TWR00001,2026-08-28 23:15:33,2026-08-28 23:15:33,0,327.766,N,EAST
4bae515d-2153-4ab0-bddb-40fbf61ea2bb,CUST0000145,DATA,6609797855004,5072962901079,TWR00064,2026-08-28 02:03:04,2026-08-28 02:03:04,0,172.767,N,WEST
a089a7af-32c5-4912-a3f0-2f811b2826f1,CUST0000041,DATA,2265278254630,9415671177539,TWR00096,2026-08-28 22:28:00,2026-08-28 22:28:00,0,337.576,N,EAST
10189dff-121f-40b7-897f-0a27395c661a,CUST0000034,SMS,2458198708840,5538053659726,TWR00058,2026-08-28 23:53:20,2026-08-28 23:53:20,0,0,N,WEST
1055f5d7-a7a4-45bc-85ad-8c40ce0d3b03,CUST0000190,SMS,9507051306967,1281568387027,TWR00096,2026-08-28 15:20:34,2026-08-28 15:20:34,0,0,N,SOUTH
cdc0b9b5-4465-4c46-9f31-44f16ec8a644,CUST0000022,DATA,3798214924137,7306390858306,TWR00060,2026-08-28 13:29:56,2026-08-28 13:29:56,0,162.86,N,WEST
77033e99-480f-4b71-b813-a239b0d4e64a,CUST0000238,DATA,8368167238665,0677559573541,TWR00019,2026-08-28 14:28:09,2026-08-28 14:28:09,0,369.192,N,NORTH
a2678d63-c64d-4f31-a387-81e717bfbef4,CUST0000072,DATA,5772504025898,0855872357845,TWR00020,2026-08-28 12:55:40,2026-08-28 12:55:40,0,200.31,Y,SOUTH
de400bb2-a8f2-420a-bfa8-2017b59a2fbf,CUST0000078,SMS,2080241041507,9316608161155,TWR00003,2026-08-28 05:13:06,2026-08-28 05:13:06,0,0,N,SOUTH
55b1cec1-036f-479d-8d4e-9a4bf659aabf,CUST0000139,VOICE,6134047500045,0892270699064,TWR00039,2026-08-28 00:31:25,2026-08-28 00:36:54,329,0,N,EAST
b68530ae-9d87-4e04-b211-0e164861c04a,CUST0000117,VOICE,9356580363836,7224558170833,TWR00056,2026-08-28 19:46:31,2026-08-28 20:01:22,891,0,N,SOUTH
9f956306-50e0-4a94-94f9-fbc3cf067917,CUST0000250,DATA,1424496639000,5398048867251,TWR00009,2026-08-28 01:22:06,2026-08-28 01:22:06,0,476.522,N,EAST
1584d073-3510-466b-b1f4-79ce49e419a0,CUST0000073,VOICE,0961709987317,9816688130384,TWR00063,2026-08-28 15:51:13,2026-08-28 16:05:30,857,0,Y,EAST
aaecef69-e382-46fb-8e46-520806460004,CUST0000082,VOICE,9128150164546,2573125361276,TWR00079,2026-08-28 09:43:39,2026-08-28 09:58:22,883,0,N,SOUTH
51f95974-c0df-4390-8810-4d57e4bb37d7,CUST0000272,VOICE,6229579474508,9897173315716,TWR00111,2026-08-28 23:23:51,2026-08-28 23:47:26,1415,0,N,WEST
4e739adf-2ed4-4d89-a464-109a8e896b1b,CUST0000033,VOICE,4261447165044,5264458296945,TWR00042,2026-08-28 11:26:15,2026-08-28 11:33:28,433,0,N,EAST
e4d51ae4-d360-458c-9238-70affce9e7f9,CUST0000244,DATA,1913780498762,9383739652427,TWR00102,2026-08-28 17:21:36,2026-08-28 17:21:36,0,166.199,N,SOUTH
0b2101f6-9355-49b2-8756-db29cb146f33,CUST0000165,DATA,0741464402613,3425556183262,TWR00091,2026-08-28 18:58:14,2026-08-28 18:58:14,0,296.825,N,SOUTH
1f9abb5a-b751-4f55-814e-cf57e048b482,CUST0000251,SMS,3841551095425,7505688084820,TWR00113,2026-08-28 00:20:32,2026-08-28 00:20:32,0,0,N,SOUTH
54b354a1-7154-4200-a338-98940d6b34e2,CUST0000165,VOICE,2712633402937,3267273326277,TWR00035,2026-08-28 15:29:38,2026-08-28 15:54:33,1495,0,N,WEST
40b48700-5b37-48b1-a1ba-90a783974226,CUST0000099,DATA,7469588194687,4929449931367,TWR00047,2026-08-28 08:45:09,2026-08-28 08:45:09,0,424.039,N,SOUTH
51b6f291-ccca-4cf5-b402-7b6c82bb100a,CUST0000115,DATA,7266849053667,2031613177905,TWR00080,2026-08-28 10:22:52,2026-08-28 10:22:52,0,241.794,N,EAST
4de57956-0751-439c-9ab1-cb5bf5e55643,CUST0000164,SMS,4038833315180,6648023628019,TWR00069,2026-08-28 10:38:56,2026-08-28 10:38:56,0,0,N,SOUTH
de90f2df-420a-40b4-ae4c-922ef5c0ddce,CUST0000062,VOICE,8895311543978,5734159106608,TWR00068,2026-08-28 01:47:56,2026-08-28 01:54:40,404,0,N,EAST
5540992e-7a84-41b2-b724-e34824a5109b,CUST0000128,DATA,2365046026224,8922518261350,TWR00110,2026-08-28 13:44:52,2026-08-28 13:44:52,0,6.446,N,SOUTH
c5830832-b082-4273-8861-37917382fa4a,CUST0000152,VOICE,2108401579970,2981099752686,TWR00011,2026-08-28 20:41:48,2026-08-28 20:56:16,868,0,N,SOUTH
b12bb76f-b53a-4f7c-9f1f-86c7de907d62,CUST0000229,DATA,5083681682140,3730871439039,TWR00057,2026-08-28 17:10:38,2026-08-28 17:10:38,0,379.472,N,EAST
03c27d42-0729-4d54-9208-318f2c1dc13b,CUST0000234,VOICE,9200562607024,4857988892132,TWR00021,2026-08-28 22:38:29,2026-08-28 22:48:17,588,0,N,EAST
e204d152-d23c-4d10-85a4-c754f07af7e0,CUST0000009,VOICE,3815229322972,4014938475431,TWR00019,2026-08-28 10:35:30,2026-08-28 10:48:10,760,0,N,WEST
88d645ad-9609-4f9c-b57a-96594a7bf711,CUST0000282,VOICE,4594780079246,6698375550458,TWR00023,2026-08-28 13:41:20,2026-08-28 13:54:55,815,0,N,NORTH
7cbff9d4-5797-4157-8896-c9f07b429c55,CUST0000145,VOICE,8750077099031,2113598043331,TWR00008,2026-08-28 18:02:56,2026-08-28 18:20:28,1052,0,N,SOUTH
67309673-509f-49ca-91d5-542369a14f97,CUST0000255,VOICE,6964010146019,3520622609316,TWR00067,2026-08-28 02:08:09,2026-08-28 02:11:43,214,0,N,SOUTH
8ce110e6-21fb-47f2-afd6-02095fa97da9,CUST0000048,DATA,2663316140823,0171719945740,TWR00053,2026-08-28 11:21:05,2026-08-28 11:21:05,0,172.443,N,WEST
b3c2e1f3-624f-440d-813a-5257988af111,CUST0000280,VOICE,1995081900567,5263595176352,TWR00089,2026-08-28 13:41:50,2026-08-28 13:55:25,815,0,N,NORTH
64c50914-8bb9-4670-8eeb-ac8545334b24,CUST0000107,SMS,1302286710665,0249235777414,TWR00112,2026-08-28 03:48:58,2026-08-28 03:48:58,0,0,N,SOUTH
032eac61-79c3-40e0-b7dc-b36ace41a4bd,CUST0000029,DATA,5717532279975,6158789891683,TWR00083,2026-08-28 17:01:03,2026-08-28 17:01:03,0,421.604,N,NORTH
6f6ccd4f-8c39-4b0b-b97d-310dfbe486a6,CUST0000022,VOICE,7151114241248,5467313717419,TWR00065,2026-08-28 07:09:55,2026-08-28 07:14:41,286,0,N,WEST
94d605b1-6c71-46f3-8743-a406b6a99d1d,CUST0000203,VOICE,6695450857034,1176170613011,TWR00092,2026-08-28 09:31:01,2026-08-28 09:53:57,1376,0,N,NORTH
f80a95dd-09b4-4bc1-b0aa-806f714bd9a0,CUST0000021,VOICE,7383181720357,5640019154260,TWR00063,2026-08-28 01:13:14,2026-08-28 01:33:12,1198,0,Y,NORTH
2c1c8346-6482-4bdc-9d46-3e40159c5063,CUST0000298,DATA,8241164342411,7546624822306,TWR00022,2026-08-28 16:57:53,2026-08-28 16:57:53,0,199.194,N,NORTH
a282a325-ba20-475e-98d5-dc4811f5c0fd,CUST0000145,VOICE,2116846038951,9234665217464,TWR00107,2026-08-28 11:32:24,2026-08-28 11:37:56,332,0,N,EAST
85f4334b-b55a-480f-82e5-258a80ab388f,CUST0000172,VOICE,3316495060541,3713463107890,TWR00037,2026-08-28 08:25:07,2026-08-28 08:47:24,1337,0,N,WEST
adb5b61e-5bb1-4669-9e59-2c5bf36ea4a7,CUST0000263,DATA,8695760188304,5447473343597,TWR00006,2026-08-28 06:11:07,2026-08-28 06:11:07,0,194.339,N,SOUTH
67ff5435-026f-45be-a35e-4eebfbac4615,CUST0000103,DATA,6970168525317,0409370118596,TWR00107,2026-08-28 23:47:19,2026-08-28 23:47:19,0,345.185,N,EAST
178ab8d3-f675-452e-a27e-52260e345926,CUST0000185,SMS,4095290550957,8184726680639,TWR00073,2026-08-28 20:40:14,2026-08-28 20:40:14,0,0,N,EAST
30b30b10-68b8-4db1-bea7-dbc8d3541359,CUST0000112,SMS,4161195406278,8806831121795,TWR00107,2026-08-28 09:00:13,2026-08-28 09:00:13,0,0,N,EAST
ccd4a322-db2e-4c96-9c13-7aeb8bf8697b,CUST0000106,SMS,8223312567725,3856162714134,TWR00042,2026-08-28 23:24:46,2026-08-28 23:24:46,0,0,N,WEST
e54f79a9-68db-4aab-8aec-b66b7ad7816a,CUST0000085,DATA,7732357374214,0942079374158,TWR00037,2026-08-28 15:35:38,2026-08-28 15:35:38,0,397.707,N,SOUTH
94fb3c12-0021-4157-92eb-89cb09980a28,CUST0000040,DATA,1994250592530,5877993642737,TWR00080,2026-08-28 00:54:01,2026-08-28 00:54:01,0,25.964,Y,EAST
110688f0-0893-4df5-9a55-366e94760db6,CUST0000001,VOICE,7238161292135,1133010753502,TWR00013,2026-08-28 12:46:36,2026-08-28 12:52:07,331,0,N,SOUTH
ad60943f-0401-422b-9ee2-d490b5ec32a0,CUST0000098,DATA,6948412322232,8738570943913,TWR00010,2026-08-28 23:56:23,2026-08-28 23:56:23,0,140.709,N,EAST
ae60db12-7180-4a43-8e03-0a3dee707c48,CUST0000018,DATA,0858783792131,8226080993715,TWR00059,2026-08-28 09:09:16,2026-08-28 09:09:16,0,465.133,N,SOUTH
da609dc7-4d78-4575-a7bc-85f961dc92cd,CUST0000062,DATA,9317844988380,7473811337049,TWR00004,2026-08-28 23:43:50,2026-08-28 23:43:50,0,440.265,N,SOUTH
99b939ca-7639-4667-ac14-7bf738138520,CUST0000008,VOICE,6245540770053,5882348118082,TWR00114,2026-08-28 23:15:29,2026-08-28 23:45:15,1786,0,N,EAST
24eb90fc-5476-4c4c-858c-fa08f29f8d74,CUST0000139,VOICE,8502847798258,5371564153307,TWR00089,2026-08-28 18:30:04,2026-08-28 18:55:06,1502,0,N,NORTH
9c9db8d6-285b-4e44-88b9-bb342722f906,CUST0000204,DATA,6667063311916,1955309373134,TWR00056,2026-08-28 00:02:31,2026-08-28 00:02:31,0,415.395,N,NORTH
d0cdc1bb-196b-4919-b516-4fdab1cdaf6c,CUST0000296,DATA,3779170379306,8920045820721,TWR00113,2026-08-28 21:04:49,2026-08-28 21:04:49,0,141.131,N,WEST
c7d37036-bab4-4b1a-bb78-229038502efd,CUST0000104,DATA,2474246847325,0652990536791,TWR00112,2026-08-28 00:42:17,2026-08-28 00:42:17,0,94.847,N,NORTH
9bf7f5f6-b599-47d2-ad7c-5914828d3042,CUST0000023,DATA,0720957890355,8199684456578,TWR00063,2026-08-28 13:35:44,2026-08-28 13:35:44,0,396.19,N,NORTH
a4246d07-cfb7-4c09-bda3-890e6045232e,CUST0000147,SMS,7442054051556,4092016759930,TWR00106,2026-08-28 19:23:29,2026-08-28 19:23:29,0,0,N,SOUTH
fa87effc-d981-4822-8614-cc3888b5458e,CUST0000192,DATA,1341405806709,4465484000040,TWR00070,2026-08-28 11:46:35,2026-08-28 11:46:35,0,73.702,N,EAST
1fc05b20-36d2-47c3-a84b-9345a5ff793a,CUST0000209,VOICE,4645497683487,2560489924662,TWR00099,2026-08-28 12:23:29,2026-08-28 12:35:25,716,0,N,WEST
f5db6bd3-7b4f-4979-b181-61c367b307cd,CUST0000278,SMS,7601380795118,2165250815959,TWR00033,2026-08-28 13:05:38,2026-08-28 13:05:38,0,0,N,EAST
ef1c0075-898b-418b-afc7-8e8a2006ab12,CUST0000184,DATA,4315071741647,6310323197670,TWR00111,2026-08-28 14:48:34,2026-08-28 14:48:34,0,340.488,N,EAST
a1c576d3-6550-4bfb-afc4-21fa8861b51f,CUST0000260,DATA,5461684446964,8924418328113,TWR00044,2026-08-28 20:09:38,2026-08-28 20:09:38,0,270.565,N,SOUTH
84ca0394-4ec3-467f-952f-a401058f427b,CUST0000294,VOICE,2447929759144,0094658463924,TWR00011,2026-08-28 06:52:44,2026-08-28 07:06:20,816,0,N,NORTH
a73f10d0-8380-4517-a823-f03e8747b345,CUST0000257,SMS,8073767649737,5342519187162,TWR00001,2026-08-28 16:06:36,2026-08-28 16:06:36,0,0,N,SOUTH
7d81c1d0-57e3-4baf-bf68-45ba2c2b58b5,CUST0000117,DATA,4767666091919,5264259931769,TWR00042,2026-08-28 10:31:07,2026-08-28 10:31:07,0,366.195,N,WEST
83b542bd-6212-4ee9-9b07-becbe829eb7d,CUST0000268,DATA,0856759105639,7044777140577,TWR00045,2026-08-28 12:14:36,2026-08-28 12:14:36,0,375.163,N,NORTH
9ce80595-c7f1-4f97-99ee-365816142a6b,CUST0000116,DATA,2501554494099,7525637448455,TWR00089,2026-08-28 14:09:53,2026-08-28 14:09:53,0,447.722,N,NORTH
eaa03b7b-f519-4e81-9dbd-c752607f71ef,CUST0000259,DATA,7663354205095,0727728276958,TWR00010,2026-08-28 15:09:58,2026-08-28 15:09:58,0,347.774,N,WEST
38e8328b-439f-4012-923c-639696282806,CUST0000156,DATA,0894266036698,2764482943500,TWR00105,2026-08-28 17:40:06,2026-08-28 17:40:06,0,96.312,Y,EAST
60512741-50cc-4b6a-9002-847227e19856,CUST0000062,VOICE,9616537778424,1649191636950,TWR00058,2026-08-28 21:04:04,2026-08-28 21:12:48,524,0,N,WEST
4cb09425-3a4e-4e9c-be36-14e309acb273,CUST0000184,DATA,2592501691569,8079823070081,TWR00039,2026-08-28 00:44:38,2026-08-28 00:44:38,0,172.242,N,EAST
54f1f8c4-967a-4da8-ab42-159d1bca2ed1,CUST0000220,DATA,3490237432692,9418016959911,TWR00076,2026-08-28 15:40:39,2026-08-28 15:40:39,0,21.896,N,NORTH
d781e492-70dc-448b-b6bc-6c3cd5d2a3fa,CUST0000256,VOICE,9464031182879,4659511203390,TWR00111,2026-08-28 00:16:44,2026-08-28 00:32:58,974,0,N,NORTH
903eccb6-754f-483d-bd1e-def2ef551395,CUST0000217,DATA,9666942394383,5428846377348,TWR00088,2026-08-28 19:56:22,2026-08-28 19:56:22,0,245.664,Y,NORTH
45106733-21ca-43d0-b983-e1e47cc32194,CUST0000250,DATA,0302772179316,5055326799244,TWR00070,2026-08-28 02:30:16,2026-08-28 02:30:16,0,46.932,N,NORTH
2e1d0afe-fa9b-42e6-840c-5d8dd05547c8,CUST0000233,SMS,7268779388949,2867287747869,TWR00061,2026-08-28 10:15:38,2026-08-28 10:15:38,0,0,N,EAST
f48b34ed-b2a7-4c5d-9b47-a088dc9877bc,CUST0000283,DATA,0407629696524,5731802040410,TWR00053,2026-08-28 14:13:39,2026-08-28 14:13:39,0,48.382,N,NORTH
0f6c6059-46ad-4913-a862-f53f65d80753,CUST0000260,SMS,1912943370265,8149635501935,TWR00036,2026-08-28 16:11:29,2026-08-28 16:11:29,0,0,N,WEST
952a4059-72e3-425a-ac03-899c827ac3e9,CUST0000275,DATA,1101584567313,0017493175607,TWR00016,2026-08-28 01:16:37,2026-08-28 01:16:37,0,349.41,N,WEST
98a2241b-7f60-493b-8d77-2bf4b34eeb15,CUST0000151,DATA,0217373397010,4926218922400,TWR00043,2026-08-28 01:18:38,2026-08-28 01:18:38,0,213.939,N,NORTH
00783e3f-31de-48f4-8621-4c261f2a2288,CUST0000102,SMS,1386549660251,3580471180045,TWR00100,2026-08-28 07:00:24,2026-08-28 07:00:24,0,0,N,SOUTH
7814804a-2c21-4310-bcd9-0d207f30e13f,CUST0000193,VOICE,1531195960276,4779660548562,TWR00088,2026-08-28 05:14:21,2026-08-28 05:43:58,1777,0,N,WEST
2774b401-1035-4fa2-b5e8-9b73f72d52f0,CUST0000118,DATA,7504224640694,1754182771148,TWR00013,2026-08-28 22:58:07,2026-08-28 22:58:07,0,83.052,N,NORTH
d1e3c2f1-96f9-42a2-9374-692c33abe08f,CUST0000225,SMS,6058019755708,6786504441442,TWR00091,2026-08-28 22:27:01,2026-08-28 22:27:01,0,0,N,EAST
a2f81398-cb1f-48d1-a8a8-07b2e56d673f,CUST0000279,VOICE,2670880501513,8626849704241,TWR00072,2026-08-28 15:02:17,2026-08-28 15:17:15,898,0,N,NORTH
a05e9276-fb50-41d1-9ac9-daad1e471b36,CUST0000034,VOICE,9814207681700,8143659723976,TWR00065,2026-08-28 21:22:30,2026-08-28 21:36:16,826,0,N,SOUTH
bcb9abe6-fc74-431b-9923-eb824d082ffb,CUST0000062,VOICE,1054171500760,7518007784284,TWR00026,2026-08-28 02:36:11,2026-08-28 02:58:57,1366,0,N,EAST
1dc57ab9-9fe6-41d9-9b87-209c706b1025,CUST0000286,VOICE,5761867706672,9228349143092,TWR00075,2026-08-28 02:50:42,2026-08-28 02:57:06,384,0,N,NORTH
8c53a2ad-d3fb-445b-a7b8-27eafcbf2432,CUST0000119,VOICE,5272597833674,8912059944769,TWR00051,2026-08-28 09:08:47,2026-08-28 09:32:48,1441,0,Y,NORTH
c24745be-10e1-4d3e-a68d-13b498f5f782,CUST0000262,DATA,1225620836108,2570162063703,TWR00035,2026-08-28 03:33:42,2026-08-28 03:33:42,0,293.201,Y,SOUTH
e49d5ef1-0ad4-42d4-b643-6ef4ba7bd8ca,CUST0000164,DATA,5959151676166,9658636025368,TWR00025,2026-08-28 15:51:13,2026-08-28 15:51:13,0,332.354,N,SOUTH
e8de44c2-8e7c-44e4-a579-d6f19363e50c,CUST0000051,VOICE,3209225450806,0978738718341,TWR00110,2026-08-28 17:40:40,2026-08-28 17:59:13,1113,0,N,SOUTH
f035af37-6796-4e8d-a622-d9412bb7d8ba,CUST0000066,DATA,0066584843930,4603560897064,TWR00009,2026-08-28 04:55:48,2026-08-28 04:55:48,0,239.367,N,NORTH
f26e12c2-50d6-410a-8e8f-62b45d1bd906,CUST0000290,VOICE,7590447905830,7027890276451,TWR00081,2026-08-28 20:48:26,2026-08-28 21:17:10,1724,0,N,SOUTH
22525920-3837-495e-9b39-370680c7454e,CUST0000135,SMS,0050198575473,8427406282850,TWR00042,2026-08-28 13:02:55,2026-08-28 13:02:55,0,0,N,NORTH
9c43c376-1319-4810-999e-60eba778d844,CUST0000099,DATA,2553205285155,1352471178875,TWR00078,2026-08-28 11:25:28,2026-08-28 11:25:28,0,418.35,N,SOUTH
8d0ba688-a7dc-4e62-9b1e-97f0678b1341,CUST0000246,DATA,5139184180514,2007404515699,TWR00083,2026-08-28 16:56:26,2026-08-28 16:56:26,0,436.064,N,SOUTH
afea5129-219e-439f-aa8d-91ebabd83950,CUST0000267,VOICE,3276926899473,9309252390605,TWR00054,2026-08-28 02:27:38,2026-08-28 02:28:46,68,0,N,NORTH
1b52dcdd-6faa-4244-b4c1-e61c8e44f4eb,CUST0000075,DATA,3607124137394,2581936694364,TWR00051,2026-08-28 01:23:17,2026-08-28 01:23:17,0,141.136,N,EAST
0830c66f-b24d-4388-83fb-5beb981fd350,CUST0000156,DATA,6531459456815,8951463187989,TWR00040,2026-08-28 19:20:58,2026-08-28 19:20:58,0,427.834,N,WEST
51e84dfa-4b64-4c46-8441-f45b8035e1bc,CUST0000198,DATA,6330230423338,1960250927040,TWR00072,2026-08-28 22:37:44,2026-08-28 22:37:44,0,461.804,N,SOUTH
0155c40c-4664-4f11-ba07-df42d32cc449,CUST0000241,VOICE,4386668470726,2757896636805,TWR00067,2026-08-28 22:31:21,2026-08-28 22:49:37,1096,0,N,NORTH
95fc3dcc-38f6-4fdf-88e5-955b2cc33e75,CUST0000129,DATA,7380882330970,9982477075186,TWR00077,2026-08-28 08:55:18,2026-08-28 08:55:18,0,257.245,N,EAST
2d654e93-11e8-4b8a-a9a9-a51b775b86c2,CUST0000123,SMS,1098636782816,0066881279042,TWR00106,2026-08-28 11:19:12,2026-08-28 11:19:12,0,0,N,WEST
a6d9b3f7-4e81-4ed9-abe9-50a0bbbb1cd2,CUST0000143,VOICE,2846580681792,4199797031080,TWR00099,2026-08-28 13:42:42,2026-08-28 13:49:12,390,0,N,SOUTH
ef5fa4d7-64c0-46be-87b1-dd1d3d73c8f4,CUST0000152,VOICE,4809854487890,8334658672602,TWR00071,2026-08-28 21:23:45,2026-08-28 21:42:21,1116,0,N,WEST
0a02830b-b25e-4cd7-a09d-dd0ab2e40d76,CUST0000298,SMS,3180666405997,3087803782537,TWR00113,2026-08-28 03:46:46,2026-08-28 03:46:46,0,0,N,SOUTH
6f600e1e-2d70-475b-ba7f-dd22e003104a,CUST0000106,SMS,2688704155781,7314217562479,TWR00024,2026-08-28 20:53:21,2026-08-28 20:53:21,0,0,N,WEST
995ee216-d684-4628-b704-73d61dd66295,CUST0000192,VOICE,4331782730597,6208407846401,TWR00059,2026-08-28 15:45:17,2026-08-28 16:04:45,1168,0,N,SOUTH
b069a839-a32a-4597-befa-2078bea77bdb,CUST0000131,DATA,7746621997856,2554245866729,TWR00105,2026-08-28 08:07:24,2026-08-28 08:07:24,0,275.791,N,NORTH
8c2d8d40-200b-4300-9382-d2d57058fa68,CUST0000097,DATA,9907226794060,5413827386883,TWR00059,2026-08-28 08:59:31,2026-08-28 08:59:31,0,467.441,N,EAST
c05212ee-5fe0-4f61-a9f8-9a1911efc2b7,CUST0000262,SMS,9238986225468,2966103565748,TWR00055,2026-08-28 06:17:03,2026-08-28 06:17:03,0,0,N,WEST
53f14ee3-3b85-41fb-a589-f11f3aee73a8,CUST0000056,SMS,8437149262735,6001266460961,TWR00018,2026-08-28 12:20:07,2026-08-28 12:20:07,0,0,N,EAST
e154100e-e4d4-4669-85e1-662d6feaeb7a,CUST0000028,VOICE,9091009166595,5430017846274,TWR00069,2026-08-28 02:17:06,2026-08-28 02:35:54,1128,0,N,NORTH
66428b30-2fc2-4ef3-a8d9-8b0ba031793c,CUST0000217,VOICE,0522589873073,1665691070861,TWR00015,2026-08-28 21:36:03,2026-08-28 21:36:28,25,0,N,EAST
b13a435c-3422-4b04-af30-4617c141ba19,CUST0000146,SMS,7134025006422,6434946526505,TWR00078,2026-08-28 07:14:39,2026-08-28 07:14:39,0,0,N,EAST
593b526e-7f92-4dfe-8e83-38089bcbab0f,CUST0000283,SMS,4774116028595,8875598759204,TWR00071,2026-08-28 07:09:01,2026-08-28 07:09:01,0,0,N,SOUTH
e11ef3d5-4bfb-418c-b760-673cc0904c82,CUST0000088,DATA,5528230164303,9774443329457,TWR00079,2026-08-28 12:13:34,2026-08-28 12:13:34,0,9.703,N,EAST
4d9e8e8f-4043-4dbe-b44e-9f0ddd59ebf6,CUST0000249,VOICE,7404772464972,4190671009978,TWR00031,2026-08-28 07:54:26,2026-08-28 08:02:03,457,0,N,SOUTH
0607d5c0-4788-49c3-a6f9-15abe368edb4,CUST0000089,DATA,4298299316421,8265859702489,TWR00031,2026-08-28 08:06:00,2026-08-28 08:06:00,0,335.91,N,WEST
3b89cea9-e49e-4fac-a895-33fd51d303bd,CUST0000229,VOICE,0557999158434,6512343440708,TWR00092,2026-08-28 03:54:05,2026-08-28 04:08:06,841,0,N,SOUTH
41b95d36-eef4-4db6-a3bd-6c8e8504d351,CUST0000197,DATA,6313959435784,9073128211126,TWR00098,2026-08-28 12:01:34,2026-08-28 12:01:34,0,136.59,N,WEST
a708ee2d-c2a7-49f1-93f0-114c17076b8d,CUST0000224,DATA,2181544788937,0705070950626,TWR00003,2026-08-28 16:21:20,2026-08-28 16:21:20,0,250.017,N,WEST
1a1ade95-6923-46bb-886b-00df80cd67d2,CUST0000106,SMS,2762432657207,4707893798775,TWR00108,2026-08-28 22:04:38,2026-08-28 22:04:38,0,0,N,WEST
1c8c0ccd-50d1-41df-a761-41740f54ca64,CUST0000087,DATA,3999636918454,1983857928262,TWR00046,2026-08-28 06:13:20,2026-08-28 06:13:20,0,203.146,N,EAST
f5600dc6-a660-4d61-bb08-95594ed66394,CUST0000119,SMS,1651599527478,1553331793134,TWR00120,2026-08-28 15:01:43,2026-08-28 15:01:43,0,0,N,NORTH
129cee35-50f4-4d12-a290-f1bd515eb351,CUST0000232,DATA,5619617650210,0278649958700,TWR00045,2026-08-28 00:24:36,2026-08-28 00:24:36,0,180.401,Y,WEST
0eb169ce-6d89-40a0-b52f-bf60f395013a,CUST0000229,DATA,1253806319053,6932879274622,TWR00045,2026-08-28 02:27:16,2026-08-28 02:27:16,0,115.05,N,EAST
217cf15e-bee4-4f2a-970a-786779e95d13,CUST0000246,VOICE,8975311524387,0757931444941,TWR00067,2026-08-28 07:54:37,2026-08-28 08:16:42,1325,0,N,SOUTH
0b5ff215-5ae2-46cb-8232-6fc058d8a551,CUST0000019,DATA,4596243840927,1573685070518,TWR00030,2026-08-28 11:03:48,2026-08-28 11:03:48,0,45.896,N,NORTH
8f4179fd-bc12-4dca-8703-92c9cdd3b8eb,CUST0000284,VOICE,5110318672075,4456619667601,TWR00058,2026-08-28 02:33:59,2026-08-28 02:42:46,527,0,N,SOUTH
f3459f69-5909-426b-9733-36b13201483a,CUST0000224,VOICE,0434010265576,7566573297741,TWR00022,2026-08-28 05:14:26,2026-08-28 05:25:09,643,0,N,SOUTH
3f700cb6-5b39-4957-969e-dbe8ea8e8a30,CUST0000048,DATA,5068590233094,2147061653730,TWR00101,2026-08-28 18:41:50,2026-08-28 18:41:50,0,436.042,N,SOUTH
6b41fcd3-1cd3-4f68-b53f-eccfe425f57d,CUST0000148,SMS,3428907816293,9615071066169,TWR00031,2026-08-28 13:57:10,2026-08-28 13:57:10,0,0,Y,SOUTH
b869fc77-8bda-4078-9d72-857eafce4e4b,CUST0000040,VOICE,3670590411797,9631994670996,TWR00023,2026-08-28 03:17:52,2026-08-28 03:44:40,1608,0,N,WEST
4152ac68-55a7-4222-9f22-71c8fd114e45,CUST0000284,DATA,8749612298308,8847798882437,TWR00069,2026-08-28 23:11:09,2026-08-28 23:11:09,0,466.143,N,NORTH
7ea9fb96-419d-4924-835f-a65333e72771,CUST0000167,DATA,9686862748230,9715475950133,TWR00003,2026-08-28 08:32:52,2026-08-28 08:32:52,0,250.956,N,WEST
9a2e1986-98e6-4a2d-9b78-32fb445c74c1,CUST0000070,VOICE,7211567814082,4649137165094,TWR00031,2026-08-28 15:09:54,2026-08-28 15:14:29,275,0,N,EAST
719131cf-5bac-4eb5-8fe6-6b5aa598de09,CUST0000294,DATA,3159637813191,1813690047904,TWR00023,2026-08-28 14:15:29,2026-08-28 14:15:29,0,355.394,N,SOUTH
be4a99d2-528c-47e1-b073-f07f0c48c2f8,CUST0000022,VOICE,4494058151939,2789119268900,TWR00059,2026-08-28 12:08:00,2026-08-28 12:17:53,593,0,N,WEST
54fc4bcd-1c1e-415f-a802-45a458138ebc,CUST0000203,SMS,0681441666117,2942067080585,TWR00068,2026-08-28 23:25:56,2026-08-28 23:25:56,0,0,N,EAST
729ab615-1337-4622-82fe-901bfa119eaa,CUST0000296,DATA,4049779572400,0315186175989,TWR00033,2026-08-28 23:25:48,2026-08-28 23:25:48,0,262.212,N,WEST
838f6f35-e675-4b0b-b26c-53ddb355194f,CUST0000065,DATA,2249476419495,2519901026334,TWR00048,2026-08-28 06:04:38,2026-08-28 06:04:38,0,421.131,N,WEST
d90ae3e7-685b-46b8-b568-9a8f370766af,CUST0000196,SMS,2777085942682,9554344821380,TWR00063,2026-08-28 11:01:20,2026-08-28 11:01:20,0,0,N,NORTH
297d27a1-4f1f-4621-8512-ab0b67d30ab8,CUST0000111,SMS,1557694151398,5323750839731,TWR00058,2026-08-28 20:48:09,2026-08-28 20:48:09,0,0,N,SOUTH
f8bf8686-7da4-4719-90bf-9b85995492b8,CUST0000155,SMS,5252324342139,7965628073350,TWR00030,2026-08-28 04:01:57,2026-08-28 04:01:57,0,0,N,EAST
c3fcd3a4-1054-4d59-9ea0-e9f02e65cbe1,CUST0000250,SMS,6455804829407,8625587293706,TWR00113,2026-08-28 22:29:23,2026-08-28 22:29:23,0,0,N,SOUTH
7216d061-e4f0-44bf-974c-2a260bcdb8be,CUST0000213,DATA,5873608055822,2316750115327,TWR00082,2026-08-28 07:09:57,2026-08-28 07:09:57,0,461.451,N,NORTH
4e2c449f-4530-433f-b0e1-c1b47bcf76a2,CUST0000180,SMS,3414775688637,3799870805382,TWR00112,2026-08-28 12:56:41,2026-08-28 12:56:41,0,0,N,EAST
113e774c-2484-466c-b3a8-46ab4b83591b,CUST0000182,DATA,2239657537644,1256222083464,TWR00120,2026-08-28 17:30:02,2026-08-28 17:30:02,0,490.697,N,NORTH
3eb754a9-a834-4046-962e-53e82d4585b6,CUST0000181,VOICE,2996138071860,9939945106838,TWR00002,2026-08-28 09:59:32,2026-08-28 10:05:16,344,0,N,SOUTH
a7af0427-1fe1-42aa-9068-bb42d3932e65,CUST0000288,VOICE,9216298604278,7103630569562,TWR00067,2026-08-28 00:32:13,2026-08-28 00:53:49,1296,0,N,WEST
2eb45e33-43ce-4b18-b9fb-69d662b8f757,CUST0000207,VOICE,0969412352888,8886081107149,TWR00042,2026-08-28 19:29:22,2026-08-28 19:50:40,1278,0,N,NORTH
7ca056a5-b25c-4151-befc-6675bd51ed31,CUST0000265,SMS,3603680858844,3721326776383,TWR00056,2026-08-28 14:48:31,2026-08-28 14:48:31,0,0,N,NORTH
a14482bb-f01e-41db-a4df-c8613e7cade9,CUST0000281,DATA,9180438430979,5684218180187,TWR00020,2026-08-28 18:32:04,2026-08-28 18:32:04,0,466.541,N,WEST
7da4f999-652f-4195-8cbd-5f544528c7d4,CUST0000137,VOICE,7291311265974,0302312178170,TWR00036,2026-08-28 06:05:39,2026-08-28 06:18:50,791,0,N,NORTH
d5b28a80-6b68-471b-a077-341bae0824c1,CUST0000023,VOICE,2327588811859,0630416527261,TWR00025,2026-08-28 04:12:26,2026-08-28 04:31:56,1170,0,N,SOUTH
ff1c01e8-4ded-4ce6-892f-99126fec04e6,CUST0000219,SMS,0953100179251,6223801370209,TWR00001,2026-08-28 08:58:13,2026-08-28 08:58:13,0,0,N,SOUTH
1e57b691-42de-4511-ac97-e12d0a45350e,CUST0000020,VOICE,9401469613607,2720450980635,TWR00060,2026-08-28 15:50:04,2026-08-28 15:57:37,453,0,N,SOUTH
e3fd8dd3-c6b1-4784-97ff-1b42c9d52bfc,CUST0000253,VOICE,3350162625104,6173051513320,TWR00079,2026-08-28 21:29:51,2026-08-28 21:41:37,706,0,N,EAST
b5dc2a80-6fba-4bf2-98ce-3336c88db9fe,CUST0000241,DATA,7309240741359,6533903638574,TWR00071,2026-08-28 08:36:35,2026-08-28 08:36:35,0,444.696,N,EAST
90309682-32e7-4443-b641-018218c20420,CUST0000168,SMS,3919580008416,6750146831465,TWR00092,2026-08-28 21:43:53,2026-08-28 21:43:53,0,0,N,EAST
318d795e-58f5-402e-b737-933e888d5453,CUST0000126,VOICE,0394558464201,9023201651988,TWR00043,2026-08-28 00:27:30,2026-08-28 00:36:52,562,0,N,EAST
8087abe8-e252-4ab4-84a7-bbff764d39e9,CUST0000256,DATA,6091750751926,7504616228439,TWR00039,2026-08-28 12:03:37,2026-08-28 12:03:37,0,401.035,N,SOUTH
67990f99-5e2b-4b77-824d-31e1e98e191a,CUST0000285,VOICE,5688720204871,3653476414427,TWR00116,2026-08-28 07:56:15,2026-08-28 08:12:10,955,0,N,NORTH
76d4bf04-9a91-4527-b37c-ddfed49b9806,CUST0000278,SMS,9745314595508,0290695473564,TWR00054,2026-08-28 13:47:25,2026-08-28 13:47:25,0,0,N,EAST
be2d11d5-593f-4c15-b5a7-c8d7a383a4a9,CUST0000042,VOICE,7294361090982,5081464702360,TWR00009,2026-08-28 19:30:59,2026-08-28 19:53:41,1362,0,N,NORTH
075f4d06-d1c3-4911-96fa-5c20e0e3a551,CUST0000224,SMS,4170602252553,3417622809541,TWR00061,2026-08-28 13:09:26,2026-08-28 13:09:26,0,0,N,EAST
08cbbce4-1b8f-4fd3-b40a-7166797b6755,CUST0000190,VOICE,5401637905848,8173933969108,TWR00119,2026-08-28 07:31:56,2026-08-28 07:48:48,1012,0,N,SOUTH
909732fd-d31a-4e39-b6f4-011dcd0b1efa,CUST0000208,SMS,9656120646467,4785625084501,TWR00079,2026-08-28 07:18:15,2026-08-28 07:18:15,0,0,N,EAST
51adbe99-988a-468a-afde-ebcc23f92f36,CUST0000082,SMS,3999257099286,0285514382552,TWR00011,2026-08-28 18:24:54,2026-08-28 18:24:54,0,0,N,NORTH
69f99dda-9a88-4545-acf5-c53f047ad324,CUST0000005,VOICE,3286591819805,8390530673083,TWR00120,2026-08-28 13:31:57,2026-08-28 13:35:11,194,0,N,SOUTH
e9e0e15b-4930-45f7-a92c-2385fcddfa20,CUST0000027,VOICE,3884016776921,0507197095744,TWR00108,2026-08-28 05:02:08,2026-08-28 05:12:09,601,0,N,EAST
64076470-b1e8-474e-af2f-0665a9d435ec,CUST0000293,VOICE,4069143876738,3155676959792,TWR00013,2026-08-28 05:57:19,2026-08-28 06:08:40,681,0,N,NORTH
b07d6301-16ef-4fbb-bffe-82e255d149f8,CUST0000021,DATA,2632732437039,9056651413430,TWR00115,2026-08-28 06:50:10,2026-08-28 06:50:10,0,196.041,N,NORTH
25caae29-373c-4bfe-b72b-39963bda3d9e,CUST0000137,SMS,6832987681605,9170242363743,TWR00010,2026-08-28 19:53:33,2026-08-28 19:53:33,0,0,N,EAST
8ee12991-59e5-4630-868d-5a8867330f8b,CUST0000071,VOICE,3801318434135,1682611147620,TWR00083,2026-08-28 19:54:16,2026-08-28 19:59:43,327,0,N,NORTH
1f126368-f64b-42a9-ae1c-cde4284fea9e,CUST0000255,DATA,3478735414556,7311688592663,TWR00051,2026-08-28 22:18:02,2026-08-28 22:18:02,0,426.226,N,WEST
cbce2000-c502-4e66-ba1a-7418b277e86d,CUST0000232,SMS,0088943830148,7816560880418,TWR00084,2026-08-28 16:19:18,2026-08-28 16:19:18,0,0,N,WEST
6946d6f9-a9f4-400e-8d2c-7eb70ac37419,CUST0000215,DATA,2446288261734,0873631493181,TWR00040,2026-08-28 07:50:54,2026-08-28 07:50:54,0,333.461,N,WEST
dfbd2133-cd05-405f-810e-94117da1dd39,CUST0000077,DATA,7229380450308,4911647649273,TWR00076,2026-08-28 01:05:03,2026-08-28 01:05:03,0,437.696,N,WEST
6784856f-5708-47a0-990c-b9c8d537fee4,CUST0000065,VOICE,8133722781815,3925883021367,TWR00089,2026-08-28 02:18:49,2026-08-28 02:30:15,686,0,N,SOUTH
ad1735a4-d342-4729-88ac-9d150c5045f6,CUST0000247,SMS,6033841787602,4907264881050,TWR00086,2026-08-28 03:59:41,2026-08-28 03:59:41,0,0,N,EAST
3d7e178a-b743-4896-a114-40af02bf4c86,CUST0000108,DATA,9167812883793,9308227814695,TWR00021,2026-08-28 20:02:23,2026-08-28 20:02:23,0,196.006,N,NORTH
d97ab553-0ac4-4bed-bd65-0bc8850d69ee,CUST0000017,DATA,9536982320724,1156230678019,TWR00105,2026-08-28 08:24:11,2026-08-28 08:24:11,0,249.311,N,WEST
0b3d96a5-0ab2-4370-9c01-cd3fa1f1d4e2,CUST0000166,SMS,6701412804471,0836248748562,TWR00055,2026-08-28 10:47:45,2026-08-28 10:47:45,0,0,N,SOUTH
0c6fb966-a2b0-4f26-9783-2478d70ffdf9,CUST0000004,DATA,7886173277606,9513689906574,TWR00012,2026-08-28 05:16:26,2026-08-28 05:16:26,0,243.96,N,SOUTH
2116ee58-58b8-411b-bb2f-0d6f789d790b,CUST0000022,DATA,6984366337561,5357777859294,TWR00064,2026-08-28 07:32:38,2026-08-28 07:32:38,0,478.574,N,SOUTH
2157f942-d780-46cb-84cc-c240dd4db89a,CUST0000214,VOICE,8361883744892,9604244502567,TWR00044,2026-08-28 00:40:23,2026-08-28 01:04:44,1461,0,N,EAST
eabd7e76-ac82-4949-9d89-00e87375b05e,CUST0000173,VOICE,2178295988161,3763294038043,TWR00026,2026-08-28 15:49:52,2026-08-28 16:07:03,1031,0,N,EAST
0751bf1b-a089-46df-986d-162e2413f4f2,CUST0000259,VOICE,4126980865510,1997078393132,TWR00079,2026-08-28 12:56:33,2026-08-28 13:16:47,1214,0,N,SOUTH
ca4e52a4-effb-441b-92b9-c77e00fb6041,CUST0000223,DATA,0275942501657,5574863281070,TWR00059,2026-08-28 23:51:02,2026-08-28 23:51:02,0,482.107,N,EAST
cbfd91cb-190a-4ac6-b17e-2136bb3277a0,CUST0000276,DATA,6055738410960,6616153176602,TWR00043,2026-08-28 14:02:18,2026-08-28 14:02:18,0,9.94,N,NORTH
1d61232a-9566-45e8-849c-f9ee62b8b3ec,CUST0000243,DATA,4569791814336,5755460683426,TWR00118,2026-08-28 13:59:29,2026-08-28 13:59:29,0,442.3,N,EAST
cef8d3e1-4cf0-4661-af39-ce69da262d69,CUST0000115,SMS,5338824996966,8187588041403,TWR00110,2026-08-28 09:57:41,2026-08-28 09:57:41,0,0,N,SOUTH
895432c7-be84-4da8-a8de-d46003a84e57,CUST0000297,VOICE,3487451261937,2293094431213,TWR00006,2026-08-28 08:00:33,2026-08-28 08:08:27,474,0,N,WEST
5244c9dd-7ccf-4ec3-90c2-7344f1180d67,CUST0000123,SMS,5579990072566,2306365783715,TWR00103,2026-08-28 13:03:04,2026-08-28 13:03:04,0,0,N,WEST
1315c6fe-18f1-4ed9-90b7-d69780c46813,CUST0000009,SMS,0413677767959,2249673719675,TWR00082,2026-08-28 23:50:49,2026-08-28 23:50:49,0,0,N,NORTH
4ab4bff7-1a75-4183-b344-ec03b2252016,CUST0000255,DATA,7912094540289,4388269769413,TWR00071,2026-08-28 06:34:42,2026-08-28 06:34:42,0,144.491,N,SOUTH
ee22af8b-72a4-4f6c-b952-54bbe59c6ff0,CUST0000200,SMS,6748868996908,8639141835909,TWR00084,2026-08-28 10:11:34,2026-08-28 10:11:34,0,0,N,WEST
e45d67e6-584a-4caa-b9dc-2dd4bf3faea6,CUST0000041,VOICE,9044474270725,4527861095472,TWR00017,2026-08-28 07:30:01,2026-08-28 07:33:29,208,0,N,EAST
e12d7c1b-a0ac-4f55-9f33-c91d72579059,CUST0000087,DATA,4075193914603,8280356899108,TWR00021,2026-08-28 21:16:26,2026-08-28 21:16:26,0,453.071,N,SOUTH
5a6179a6-af47-4360-b64c-37a0121c2674,CUST0000186,VOICE,8777075013993,5679746317718,TWR00071,2026-08-28 09:19:34,2026-08-28 09:43:15,1421,0,N,NORTH
364ed5db-241d-43a5-9dd1-50c8f06d446e,CUST0000080,DATA,2667861633863,3032624986409,TWR00100,2026-08-28 00:15:04,2026-08-28 00:15:04,0,385.399,N,EAST
055ec966-ee5e-42d7-80f3-355a4f4bd1a2,CUST0000092,VOICE,6654977053644,4954121762080,TWR00099,2026-08-28 14:21:07,2026-08-28 14:38:16,1029,0,N,WEST
fe2b833a-744e-4bcf-b537-0852cae5db43,CUST0000262,VOICE,2893482800920,3650456869690,TWR00011,2026-08-28 21:39:17,2026-08-28 22:06:10,1613,0,N,NORTH
5a8dd522-ee91-4596-9dd5-d5afc7f17aa0,CUST0000181,VOICE,1923315240415,5842768612779,TWR00003,2026-08-28 06:34:16,2026-08-28 06:59:06,1490,0,N,NORTH
1ecda778-f78d-47f6-9105-f3a0f0ae4b59,CUST0000033,VOICE,3335694201844,7661629506410,TWR00089,2026-08-28 10:10:33,2026-08-28 10:38:27,1674,0,N,WEST
ccd3ada6-bd0f-42f3-a2f4-e2d9c94f18ed,CUST0000180,VOICE,1841732652346,5461203846726,TWR00014,2026-08-28 12:50:48,2026-08-28 13:05:38,890,0,N,WEST
dfeeb04d-25a1-40dd-88d0-25614a44d36e,CUST0000109,VOICE,4019892891435,5425628607813,TWR00076,2026-08-28 19:40:30,2026-08-28 20:06:59,1589,0,N,NORTH
f508008a-771d-4fd8-bea7-8cc759058ac9,CUST0000117,DATA,7513407491850,8240554651206,TWR00059,2026-08-28 15:35:49,2026-08-28 15:35:49,0,194.251,N,SOUTH
bfb57fd2-5613-4719-9ae0-386db59785ed,CUST0000022,VOICE,6119597372530,1584643944280,TWR00003,2026-08-28 06:00:36,2026-08-28 06:12:48,732,0,N,EAST
db9a46aa-b573-446d-8cc8-54b2498aa2a1,CUST0000174,SMS,4009231950787,0539003432926,TWR00060,2026-08-28 00:20:55,2026-08-28 00:20:55,0,0,N,NORTH
ca9d2ec9-c502-4701-9c74-7aa0b239bc91,CUST0000267,SMS,0555562849756,7833939943109,TWR00061,2026-08-28 03:37:08,2026-08-28 03:37:08,0,0,N,EAST
d797ee58-a0c5-40bf-812e-fbb30a81ba03,CUST0000062,DATA,1888578782809,7283978301898,TWR00082,2026-08-28 01:50:53,2026-08-28 01:50:53,0,159.216,N,WEST
1345cf33-b5f4-467e-91a3-344f6e03ccff,CUST0000151,VOICE,5984607456256,0327188758750,TWR00018,2026-08-28 03:03:19,2026-08-28 03:26:05,1366,0,N,WEST
620e5024-bd42-442c-a82d-ed6c86f4c52b,CUST0000079,VOICE,2075204690743,6484773920244,TWR00010,2026-08-28 13:04:33,2026-08-28 13:17:03,750,0,N,EAST
1bd26499-8a4e-4e4a-94bb-b3954bff1ea6,CUST0000209,VOICE,0731971890112,3672916942616,TWR00012,2026-08-28 09:20:11,2026-08-28 09:44:33,1462,0,N,NORTH
943c729e-6a98-4b02-9b91-d2b018ae52f5,CUST0000186,VOICE,6471079352756,2083130016183,TWR00114,2026-08-28 08:49:21,2026-08-28 09:00:17,656,0,N,SOUTH
52078869-f6dd-4321-ac46-fd03a9d50ce7,CUST0000299,DATA,1529007416643,8604283167232,TWR00040,2026-08-28 07:03:17,2026-08-28 07:03:17,0,420.892,N,NORTH
b947948d-06e0-407c-9d9a-03c5632a69f2,CUST0000282,DATA,6447106060673,7889214181007,TWR00117,2026-08-28 22:34:19,2026-08-28 22:34:19,0,276.631,N,WEST
d1701361-2813-4250-86e3-728fa2a40689,CUST0000021,VOICE,9084798011705,4765857579033,TWR00035,2026-08-28 13:05:42,2026-08-28 13:17:09,687,0,N,SOUTH
4ef4b039-68ab-46d8-a654-1985c53fb9ff,CUST0000036,VOICE,7594791099993,8486523080453,TWR00006,2026-08-28 18:00:06,2026-08-28 18:16:27,981,0,N,EAST
90a7ae25-94bd-45e6-bc60-fd611fc35c60,CUST0000208,SMS,4304982070002,7554753964163,TWR00072,2026-08-28 08:10:37,2026-08-28 08:10:37,0,0,N,SOUTH
712086b6-aec6-4139-93de-b34c5ad9cbcc,CUST0000042,VOICE,5117230358217,6330804808861,TWR00090,2026-08-28 05:41:58,2026-08-28 06:01:28,1170,0,N,NORTH
afda8730-7176-4bc7-b156-40b6ae84db85,CUST0000241,VOICE,2580443065772,1271681098176,TWR00106,2026-08-28 22:08:10,2026-08-28 22:33:26,1516,0,N,SOUTH
d64103e6-359f-4d0e-826d-34ae30a3b3c2,CUST0000209,VOICE,3521526737110,0686864641473,TWR00102,2026-08-28 16:56:17,2026-08-28 17:16:03,1186,0,N,SOUTH
7632d29c-423b-48e6-8bec-ec8441eec01a,CUST0000253,SMS,9468953742525,7689977395166,TWR00079,2026-08-28 01:27:13,2026-08-28 01:27:13,0,0,N,SOUTH
95f7d508-159d-4923-a406-2684c5e44871,CUST0000271,VOICE,3237014095071,1996323047725,TWR00117,2026-08-28 04:25:37,2026-08-28 04:39:44,847,0,N,EAST
f39a5874-e287-4e9e-ada2-76d4db2a96d9,CUST0000128,DATA,1159533841629,6288156603098,TWR00033,2026-08-28 03:45:26,2026-08-28 03:45:26,0,324.52,N,NORTH
786c3a5f-5b77-4cb1-8e40-fbd9e41c85de,CUST0000208,SMS,5183434936356,8779347244167,TWR00017,2026-08-28 23:16:44,2026-08-28 23:16:44,0,0,N,NORTH
69045c7c-335f-4407-b8cc-afacd631e251,CUST0000128,VOICE,2187430964742,2683487092951,TWR00006,2026-08-28 01:14:15,2026-08-28 01:39:45,1530,0,N,WEST
85e6f4ea-1377-4f0f-922f-fc4f683daa2b,CUST0000069,DATA,2890845482627,3312581287663,TWR00001,2026-08-28 08:07:36,2026-08-28 08:07:36,0,326.275,N,NORTH
d7dea7b4-a467-4e1e-a286-c7877b79eda4,CUST0000212,VOICE,0419744765224,9685169217517,TWR00093,2026-08-28 06:28:09,2026-08-28 06:33:15,306,0,N,NORTH
cbe9fbb1-33d9-45d3-be7d-a81db76f65ed,CUST0000189,VOICE,3528454705005,4580766487841,TWR00088,2026-08-28 13:24:42,2026-08-28 13:42:29,1067,0,N,SOUTH
385a0b66-8cfa-4517-b9f8-fc378648ef15,CUST0000075,VOICE,8312760783359,8224524881603,TWR00110,2026-08-28 11:12:55,2026-08-28 11:35:43,1368,0,N,SOUTH
96d26f5c-7c31-42e5-825c-bd7343f908d2,CUST0000251,SMS,3417654614119,0147391298358,TWR00033,2026-08-28 08:27:03,2026-08-28 08:27:03,0,0,Y,WEST
6fc8287e-2323-47a2-be96-b021f5b298a2,CUST0000082,VOICE,4801277127715,8539091744794,TWR00038,2026-08-28 01:47:29,2026-08-28 02:05:27,1078,0,N,NORTH
709cb17d-9ddd-49c6-99c9-baa38256f2ee,CUST0000148,VOICE,8030892290641,5840293764526,TWR00002,2026-08-28 08:11:27,2026-08-28 08:37:47,1580,0,N,NORTH
d50b6169-d0bf-4c13-a37a-23c4ef5374b7,CUST0000233,VOICE,8728023865626,0805980188800,TWR00089,2026-08-28 20:14:28,2026-08-28 20:21:24,416,0,N,WEST
e5204348-b980-414f-8982-6f604d53146d,CUST0000200,VOICE,0053782868722,3071081692239,TWR00003,2026-08-28 15:14:28,2026-08-28 15:19:06,278,0,N,WEST
e8cee687-f361-4bfd-9411-7e6b443c7c65,CUST0000197,VOICE,6621541519807,2729294286358,TWR00015,2026-08-28 17:32:41,2026-08-28 17:37:42,301,0,N,EAST
343ebb7b-6d38-4896-8397-1c39a10d82f0,CUST0000268,VOICE,4926389874955,0923355885728,TWR00067,2026-08-28 03:17:55,2026-08-28 03:40:28,1353,0,N,WEST
b21010d7-d20a-4455-af1a-a4f557792b02,CUST0000011,VOICE,4638916190558,5302961499094,TWR00033,2026-08-28 03:15:57,2026-08-28 03:25:41,584,0,N,SOUTH
aaa89380-f871-40f6-82ec-f3ef09e705ce,CUST0000255,DATA,6795202798914,4811891728458,TWR00042,2026-08-28 00:09:01,2026-08-28 00:09:01,0,384.478,N,WEST
1ddd1413-10fa-4db5-8108-201d95f36240,CUST0000291,VOICE,8749400926288,5807200805701,TWR00094,2026-08-28 15:12:11,2026-08-28 15:15:58,227,0,N,WEST
472d6f7f-9158-4868-bd09-8e74c27a3db4,CUST0000129,DATA,4357529255568,8469001581236,TWR00081,2026-08-28 08:37:12,2026-08-28 08:37:12,0,201.575,N,EAST
9f5a3068-e939-431d-ab8c-f7ee00a4c4ad,CUST0000050,SMS,4249470025190,7244609577248,TWR00032,2026-08-28 19:12:56,2026-08-28 19:12:56,0,0,N,EAST
3d568518-94c6-4ea5-8bc3-a2217d53db6f,CUST0000183,SMS,7476308357289,9100634741804,TWR00064,2026-08-28 07:34:21,2026-08-28 07:34:21,0,0,N,NORTH
fcc081d4-df9d-4a4e-94d2-2a749bb4d0c2,CUST0000040,VOICE,0223059757336,8765755525868,TWR00006,2026-08-28 04:14:26,2026-08-28 04:44:05,1779,0,N,WEST
ec269e9f-2f3e-42c0-8452-e8bc9601bdff,CUST0000274,DATA,6850664878264,1300025546453,TWR00071,2026-08-28 02:06:43,2026-08-28 02:06:43,0,221.199,N,SOUTH
73db34bd-6cc8-48e6-bdc3-42e3823d7244,CUST0000112,SMS,4798529484470,1450563370695,TWR00118,2026-08-28 01:16:00,2026-08-28 01:16:00,0,0,N,NORTH
37df21da-2e20-411a-b219-a4a17b8e8961,CUST0000144,DATA,1819613875955,2298133241997,TWR00012,2026-08-28 14:57:13,2026-08-28 14:57:13,0,171.066,N,NORTH
553e10b6-598a-4162-b042-7430f8201aab,CUST0000048,DATA,1180167743604,9859271436947,TWR00081,2026-08-28 19:34:47,2026-08-28 19:34:47,0,469.198,N,WEST
7812748d-cdec-4f10-bd0d-b4a34c7ab54c,CUST0000142,SMS,9347688938616,8776458084319,TWR00094,2026-08-28 21:48:44,2026-08-28 21:48:44,0,0,Y,WEST
31ab6536-ff74-49a8-8d4b-423854266938,CUST0000111,DATA,5217900531260,5740284595876,TWR00065,2026-08-28 10:06:05,2026-08-28 10:06:05,0,291.857,N,EAST
b7812fbf-01a0-4ba8-928e-1cd29b1f81a6,CUST0000001,SMS,5912681307837,1835941234592,TWR00097,2026-08-28 11:59:22,2026-08-28 11:59:22,0,0,N,SOUTH
e3fee4ff-c948-43e7-b022-ef1ffb003df4,CUST0000014,DATA,2580245571162,4351492863270,TWR00086,2026-08-28 20:36:01,2026-08-28 20:36:01,0,138.354,N,SOUTH
f647d727-45f9-47a4-a084-310da76233d9,CUST0000120,DATA,3174028106076,4433460263356,TWR00106,2026-08-28 23:11:12,2026-08-28 23:11:12,0,105.326,N,WEST
0adfa03c-62b8-4d6d-8fe4-138783477417,CUST0000032,DATA,1629870252151,3517236850448,TWR00005,2026-08-28 07:39:08,2026-08-28 07:39:08,0,59.82,N,SOUTH
8274e914-9261-4c63-b7d8-cbb3b5affad7,CUST0000188,DATA,2602354722405,3061139004589,TWR00056,2026-08-28 09:53:43,2026-08-28 09:53:43,0,77.811,N,SOUTH
e2423da4-91e1-4eba-adaa-ff80a9c5b9c3,CUST0000243,SMS,7523408705683,5556385981828,TWR00069,2026-08-28 05:23:02,2026-08-28 05:23:02,0,0,N,WEST
776b79a0-be8c-45a8-9469-b3b612849904,CUST0000056,VOICE,3997486980055,3380792660940,TWR00054,2026-08-28 05:13:04,2026-08-28 05:18:23,319,0,N,SOUTH
a104f777-613f-4f04-83c3-97cf5616a09e,CUST0000086,VOICE,4750175056655,6586972232420,TWR00068,2026-08-28 16:45:35,2026-08-28 17:08:46,1391,0,N,EAST
45ad7164-a648-4ffc-bcdd-f4ed9073fa90,CUST0000232,VOICE,3006319106971,6359114202861,TWR00028,2026-08-28 19:34:42,2026-08-28 19:54:08,1166,0,N,WEST
e71b3080-ebb1-44f8-b0b6-f55b808bf767,CUST0000089,DATA,2328614024542,4922430232000,TWR00034,2026-08-28 14:17:20,2026-08-28 14:17:20,0,303.534,N,NORTH
4c54b54a-8536-4927-bf59-90da0ac7482c,CUST0000101,SMS,3278928243509,9135329561762,TWR00060,2026-08-28 12:49:34,2026-08-28 12:49:34,0,0,N,NORTH
9293e207-6f5f-48bf-bda0-7821bb17ba2d,CUST0000065,DATA,8467640897795,6140830709063,TWR00069,2026-08-28 07:47:44,2026-08-28 07:47:44,0,474.832,N,WEST
c2929c57-7759-486e-95ac-2788b8b4ca57,CUST0000203,DATA,6027315672617,6292459897773,TWR00105,2026-08-28 18:45:47,2026-08-28 18:45:47,0,68.474,N,SOUTH
76e79d11-1448-40ce-9337-ff1d581fbe6e,CUST0000065,VOICE,4382146292222,3813852235906,TWR00070,2026-08-28 01:32:54,2026-08-28 01:53:41,1247,0,N,SOUTH
613d03a3-842c-48a5-8739-6169129b164b,CUST0000276,SMS,7094014412452,9245670893935,TWR00012,2026-08-28 10:33:34,2026-08-28 10:33:34,0,0,N,EAST
a52e58bc-3570-4364-aefe-b44bd1b2c320,CUST0000282,VOICE,4629337415358,3878959190530,TWR00109,2026-08-28 05:02:27,2026-08-28 05:19:16,1009,0,N,SOUTH
0c737290-e4e0-455c-9ca2-ed25ae23ca58,CUST0000113,DATA,5875950825723,3007086186948,TWR00080,2026-08-28 02:33:09,2026-08-28 02:33:09,0,221.731,N,NORTH
b0389853-5ab4-48cd-a38f-60bffd120268,CUST0000165,SMS,6747529148356,0869227025254,TWR00044,2026-08-28 21:17:54,2026-08-28 21:17:54,0,0,Y,NORTH
21d06eb9-8640-4105-b7eb-4ed4e0c9c0af,CUST0000014,DATA,1055624126676,9405964703364,TWR00104,2026-08-28 22:01:55,2026-08-28 22:01:55,0,361.822,N,SOUTH
cdc87e21-0b18-42b2-a988-97089e653a3d,CUST0000300,VOICE,4532065432614,4037152431091,TWR00013,2026-08-28 22:12:30,2026-08-28 22:40:04,1654,0,N,EAST
457f40aa-deb8-4c5b-8401-b96419521e96,CUST0000030,DATA,6830953122526,9747870676442,TWR00093,2026-08-28 23:38:01,2026-08-28 23:38:01,0,75.738,N,WEST
7ad6ea87-6c66-400b-a995-6d4ba63bc525,CUST0000059,DATA,3070781010124,8056942118749,TWR00097,2026-08-28 16:41:18,2026-08-28 16:41:18,0,146.777,N,SOUTH
f7da2fca-b250-4317-8a77-9e4d16e789bd,CUST0000296,SMS,0449100723149,0499306404121,TWR00117,2026-08-28 09:31:33,2026-08-28 09:31:33,0,0,N,SOUTH
b6dd4668-2fbf-4617-9c03-7621898d781e,CUST0000090,DATA,7043105503158,8506606751414,TWR00101,2026-08-28 09:32:39,2026-08-28 09:32:39,0,22.187,N,NORTH
d8f33bbd-2d85-4808-83c8-252019ea92ed,CUST0000260,SMS,5156095142770,1538611511162,TWR00007,2026-08-28 00:02:38,2026-08-28 00:02:38,0,0,Y,EAST
c6828bdd-aee5-47f8-bef1-350be42e7b2f,CUST0000126,SMS,1435934106165,4725531073712,TWR00047,2026-08-28 20:21:05,2026-08-28 20:21:05,0,0,N,EAST
0148c70d-e273-47cb-8b81-24f83fd77541,CUST0000272,VOICE,0725084524088,0969253360109,TWR00053,2026-08-28 12:36:07,2026-08-28 12:44:14,487,0,N,EAST
29cfb7d2-4852-42c5-afa5-88630d0454cc,CUST0000262,VOICE,1914009981297,9228874159492,TWR00047,2026-08-28 10:23:42,2026-08-28 10:25:27,105,0,N,SOUTH
ec7f0602-c3da-452c-b536-3ff9a4676ea9,CUST0000296,SMS,4345026642738,9664811051292,TWR00006,2026-08-28 01:35:45,2026-08-28 01:35:45,0,0,N,NORTH
4cbb98b7-d839-498b-bec8-11e2444c723e,CUST0000209,VOICE,2430677798367,8107082408935,TWR00072,2026-08-28 13:38:54,2026-08-28 13:59:56,1262,0,N,EAST
2c88ed51-0478-4fc4-81a5-f803ef9074e3,CUST0000009,DATA,3315792082366,6201729512660,TWR00068,2026-08-28 20:54:59,2026-08-28 20:54:59,0,93.198,N,EAST
388d613c-231a-4fbf-be65-78dffeaaeb0b,CUST0000025,DATA,9611084039092,6736086333995,TWR00068,2026-08-28 12:16:53,2026-08-28 12:16:53,0,63.008,N,NORTH
10902a69-0e64-4dcb-8b41-e90ab0760706,CUST0000134,DATA,6667605508005,9083069250980,TWR00023,2026-08-28 08:54:41,2026-08-28 08:54:41,0,274.191,N,SOUTH
bbbeeebb-5a6e-4b35-9bde-8328a37e9bfe,CUST0000265,VOICE,5644199412436,6050299907619,TWR00083,2026-08-28 22:48:12,2026-08-28 23:06:19,1087,0,N,EAST
150ac33f-d563-4826-91e2-0a6a58492859,CUST0000125,VOICE,8149836784903,1774911767550,TWR00080,2026-08-28 02:09:44,2026-08-28 02:23:28,824,0,N,SOUTH
ad9ec6c1-bd50-4eb5-a105-2b344937123d,CUST0000268,SMS,4375315752295,8386039036748,TWR00040,2026-08-28 21:42:46,2026-08-28 21:42:46,0,0,N,SOUTH
d9bfd28c-96f4-451c-8b7c-51e6198b6dfa,CUST0000011,VOICE,7567535153474,9270812078003,TWR00048,2026-08-28 13:48:45,2026-08-28 13:53:17,272,0,N,WEST
63666478-f275-4d84-a04f-60066b72da23,CUST0000110,VOICE,8101032082341,0990975788516,TWR00006,2026-08-28 08:05:29,2026-08-28 08:35:22,1793,0,N,EAST
6a3104cf-f8e0-4177-99b6-36fe0129cde7,CUST0000200,VOICE,1907644490439,6162227726105,TWR00112,2026-08-28 11:48:18,2026-08-28 12:17:57,1779,0,N,WEST
b625d2c2-5fbe-4638-8ea2-0496c0816f18,CUST0000118,DATA,0260284655921,6886499339745,TWR00088,2026-08-28 11:21:34,2026-08-28 11:21:34,0,94.291,N,NORTH
4e95b220-0e30-4fa4-ab87-a7db4380553f,CUST0000044,SMS,9180238487614,4337360908575,TWR00036,2026-08-28 09:26:50,2026-08-28 09:26:50,0,0,N,NORTH
ef0e6511-f331-4030-811a-72d0bf151a2d,CUST0000116,DATA,7947631834290,2492785234615,TWR00090,2026-08-28 11:15:35,2026-08-28 11:15:35,0,250.984,N,EAST
34c3febd-3dac-4795-8314-c8c73dbe2408,CUST0000170,DATA,2167608960106,5897824256582,TWR00107,2026-08-28 04:29:39,2026-08-28 04:29:39,0,348.898,N,EAST
ddf7bc8e-ded8-498f-a27d-64ffc8fe6ad3,CUST0000020,VOICE,8540445039863,4669081449860,TWR00031,2026-08-28 20:03:54,2026-08-28 20:13:55,601,0,N,SOUTH
f2057352-557b-432e-aa32-e4a3a0a77f44,CUST0000107,DATA,9653283153070,9190487860150,TWR00068,2026-08-28 11:12:53,2026-08-28 11:12:53,0,129.601,N,NORTH
6a54263f-9f60-44dd-b09a-91faec14c1ff,CUST0000203,DATA,3451298294541,3788147425074,TWR00012,2026-08-28 04:51:06,2026-08-28 04:51:06,0,48.193,N,WEST
b032bf0c-e69f-4cc9-b68d-0a18334920af,CUST0000064,SMS,8203950078677,5005357603673,TWR00076,2026-08-28 19:12:15,2026-08-28 19:12:15,0,0,N,SOUTH
ba32f6db-7f60-4937-aa0a-fcd1aaffd106,CUST0000253,VOICE,6142474151632,6614824364851,TWR00006,2026-08-28 12:41:20,2026-08-28 12:49:07,467,0,N,NORTH
f98c07b9-d0a8-489d-9b17-501e3ebe08c9,CUST0000040,DATA,8275773061460,7419640009256,TWR00064,2026-08-28 19:48:32,2026-08-28 19:48:32,0,379.441,N,WEST
ad52219d-c86b-47d3-83bf-ef8096468377,CUST0000049,SMS,5962783877765,0234714513740,TWR00100,2026-08-28 16:54:26,2026-08-28 16:54:26,0,0,N,NORTH
5e56464b-2258-45cc-bdae-eb146d19cde4,CUST0000006,DATA,8265652936756,7545403498939,TWR00104,2026-08-28 06:52:01,2026-08-28 06:52:01,0,15.67,N,WEST
ba1ba23d-7251-4795-95fd-15512e13de22,CUST0000058,SMS,5955364220947,5447658390187,TWR00002,2026-08-28 19:33:59,2026-08-28 19:33:59,0,0,N,WEST
24834b4a-f87b-40ba-8000-52677979e850,CUST0000171,SMS,9270438852871,8344302997385,TWR00094,2026-08-28 22:31:16,2026-08-28 22:31:16,0,0,N,NORTH
63cb7f31-5a45-48a3-bacc-a7cf7c4581f9,CUST0000213,DATA,4240294804688,9890876342724,TWR00051,2026-08-28 19:43:13,2026-08-28 19:43:13,0,184.585,N,SOUTH
01ff2476-4e1d-468f-8c0d-f376fa89bed6,CUST0000030,VOICE,7115787378156,6217367138731,TWR00112,2026-08-28 19:04:51,2026-08-28 19:09:08,257,0,N,EAST
fe878867-dd93-4416-9b5b-716969cf09b9,CUST0000056,SMS,0319166616246,7621822479224,TWR00068,2026-08-28 07:14:25,2026-08-28 07:14:25,0,0,N,NORTH
6c16b53a-0bc9-4e54-9900-67880cb38672,CUST0000072,DATA,6867071671489,7925785235298,TWR00105,2026-08-28 13:12:10,2026-08-28 13:12:10,0,361.754,N,SOUTH
77116613-7dfd-4d31-a89d-c035f5d46b71,CUST0000038,VOICE,0934137345424,1155822181951,TWR00010,2026-08-28 08:21:21,2026-08-28 08:35:42,861,0,N,NORTH
b8bd763d-a69c-4b9b-8b30-617c147ec19b,CUST0000151,VOICE,1907067769313,6453833642550,TWR00107,2026-08-28 17:26:47,2026-08-28 17:28:19,92,0,N,NORTH
3aa83235-55ee-446c-bed6-6da382dcecdb,CUST0000173,VOICE,5332101254675,4999597703170,TWR00096,2026-08-28 12:27:27,2026-08-28 12:54:31,1624,0,N,NORTH
caacc6b5-6fda-404a-bbae-6f5724b8e997,CUST0000060,DATA,6825832014354,6367988368636,TWR00003,2026-08-28 13:49:54,2026-08-28 13:49:54,0,469.484,N,NORTH
b285e69f-cfd1-4f09-b775-1c4d4634445e,CUST0000267,DATA,4498106326739,0604294299211,TWR00114,2026-08-28 11:24:25,2026-08-28 11:24:25,0,304.106,N,NORTH
56171155-bfd8-483e-b76b-f5c24bfdb5bd,CUST0000198,VOICE,4743506978209,8721120382998,TWR00028,2026-08-28 14:04:20,2026-08-28 14:29:51,1531,0,N,SOUTH
187056e3-e57f-4ea1-8d41-6b68d1b3c609,CUST0000112,VOICE,9901505954761,8068030400546,TWR00056,2026-08-28 10:22:03,2026-08-28 10:50:02,1679,0,N,SOUTH
075b79e3-909a-44c9-9703-19f8c9494a5d,CUST0000224,SMS,1314336057432,1154959929179,TWR00063,2026-08-28 15:40:54,2026-08-28 15:40:54,0,0,N,SOUTH
810c2ab4-a7b4-4c1d-a9ab-93ddfa085ac7,CUST0000108,DATA,9690913641765,0594836090168,TWR00006,2026-08-28 08:18:47,2026-08-28 08:18:47,0,58.798,N,NORTH
ad687352-4ef6-447c-a677-43eb32984e9e,CUST0000271,DATA,1153609643945,4973200960153,TWR00031,2026-08-28 06:21:19,2026-08-28 06:21:19,0,238.967,N,SOUTH
7572f234-2881-4526-b235-f17a8d16d850,CUST0000209,VOICE,3053256248888,4970464855516,TWR00093,2026-08-28 07:41:23,2026-08-28 08:02:26,1263,0,N,NORTH
bf19d84e-fd9f-4fc7-96a0-7814edcfed42,CUST0000190,SMS,2405741193539,0389166770952,TWR00106,2026-08-28 22:01:38,2026-08-28 22:01:38,0,0,N,EAST
d4d984e1-d629-41a5-80af-108f1a3ffca4,CUST0000290,SMS,8586804394290,8892585783980,TWR00037,2026-08-28 02:51:18,2026-08-28 02:51:18,0,0,N,NORTH
b8608142-d223-454a-be00-1b4bd1c8781d,CUST0000232,DATA,7037731205886,8530748781340,TWR00052,2026-08-28 18:51:10,2026-08-28 18:51:10,0,378.353,N,WEST
f37f9d78-cda8-466a-903b-5167038b131d,CUST0000294,DATA,1405018136170,0485412348109,TWR00071,2026-08-28 21:18:53,2026-08-28 21:18:53,0,321.233,N,WEST
61536a95-b252-4bb6-b2ce-d3ae78b9e20a,CUST0000046,DATA,5255396255614,1298701093215,TWR00101,2026-08-28 09:09:34,2026-08-28 09:09:34,0,183.724,N,SOUTH
d04532b4-952c-4197-9b06-6d25b7baa309,CUST0000076,VOICE,9417611148324,9652612166948,TWR00065,2026-08-28 03:18:01,2026-08-28 03:44:27,1586,0,N,SOUTH
257f2f6f-1fc3-4b40-bbce-efa326d3b3b9,CUST0000090,DATA,0011233016796,5673238368414,TWR00100,2026-08-28 03:11:53,2026-08-28 03:11:53,0,403.732,N,SOUTH
5bb0b2a5-d3a7-4b75-a72b-6a429e412943,CUST0000221,SMS,4462280749053,5950942816836,TWR00080,2026-08-28 17:03:26,2026-08-28 17:03:26,0,0,N,WEST
3e272fe9-1da0-4b5f-b953-c115289305ce,CUST0000080,SMS,5772108727410,9157981555184,TWR00054,2026-08-28 03:29:48,2026-08-28 03:29:48,0,0,N,NORTH
59a2382c-48f2-4157-b6fc-c25e052dd15b,CUST0000227,VOICE,5296435221732,2487298020291,TWR00030,2026-08-28 06:19:35,2026-08-28 06:44:23,1488,0,N,SOUTH
3f3ccf8a-fbca-44ed-b311-c586c3a8f3fc,CUST0000167,DATA,2651342045781,1456253030241,TWR00084,2026-08-28 19:58:23,2026-08-28 19:58:23,0,122.737,N,SOUTH
915d458c-9dcc-43c1-8d3b-b68c7525a24c,CUST0000288,DATA,0011314644214,7780559227702,TWR00115,2026-08-28 09:52:00,2026-08-28 09:52:00,0,172.997,N,NORTH
03445b13-605a-4ef5-8f75-6b136694e21f,CUST0000073,DATA,0497697998725,9641135076499,TWR00044,2026-08-28 18:39:27,2026-08-28 18:39:27,0,15.94,N,SOUTH
a2bb14f4-7548-4d9d-a1f2-7d90fdc0863d,CUST0000208,SMS,7276339680071,9475052201127,TWR00019,2026-08-28 11:34:43,2026-08-28 11:34:43,0,0,N,EAST
8532996e-445a-4a98-8a81-6c1a43ac1031,CUST0000048,DATA,4225933238143,1616697446970,TWR00045,2026-08-28 12:36:24,2026-08-28 12:36:24,0,204.056,N,SOUTH
2d2ed82f-76cd-4666-8f7c-c2680ec04db6,CUST0000008,SMS,1198951115787,3903715586026,TWR00107,2026-08-28 13:06:43,2026-08-28 13:06:43,0,0,N,SOUTH
237d52d0-d4d1-4a60-88c0-d13dd21fd8cb,CUST0000098,DATA,2362458846937,4787508057117,TWR00119,2026-08-28 10:36:21,2026-08-28 10:36:21,0,375.46,N,SOUTH
69a70a62-5676-4f8a-92b6-3d495f4f09df,CUST0000137,SMS,4400274894244,7936660448671,TWR00102,2026-08-28 04:15:37,2026-08-28 04:15:37,0,0,N,EAST
969109b4-332d-431d-a84d-c7dce83e80cb,CUST0000021,DATA,8816182773477,9678452733188,TWR00029,2026-08-28 05:30:48,2026-08-28 05:30:48,0,1.488,N,WEST
9971f4df-1620-401c-9c8e-55fc9bf4076f,CUST0000201,DATA,5675413545579,0790770455300,TWR00015,2026-08-28 12:04:03,2026-08-28 12:04:03,0,417.021,N,SOUTH
e9ed18dc-d138-42dc-8cfb-c372c02313b2,CUST0000039,VOICE,7314127259212,6724055525177,TWR00106,2026-08-28 06:52:39,2026-08-28 07:04:09,690,0,N,NORTH
0a07166a-4bee-483c-ad36-02ed3f8dbc68,CUST0000025,DATA,8565264243742,2022041064960,TWR00079,2026-08-28 12:33:03,2026-08-28 12:33:03,0,324.494,N,NORTH
7e073ce2-98c5-404c-8061-1c5a95888da2,CUST0000165,VOICE,2652014876096,3725009321956,TWR00081,2026-08-28 13:49:11,2026-08-28 14:18:43,1772,0,N,WEST
0e6afc7a-2210-42ed-9764-cfa8e91c1fcb,CUST0000211,DATA,2050650696158,4523649411002,TWR00029,2026-08-28 01:46:23,2026-08-28 01:46:23,0,319.114,N,WEST
acff3501-6887-486c-b603-f9daeab2e8e6,CUST0000226,SMS,8967604062321,1751967929605,TWR00008,2026-08-28 09:25:10,2026-08-28 09:25:10,0,0,N,WEST
de3277ba-aa7c-44e3-8c86-b9b14bceeb0b,CUST0000072,DATA,5314342207043,0772228749958,TWR00077,2026-08-28 13:42:08,2026-08-28 13:42:08,0,69.459,Y,NORTH
0355054f-64c7-4c24-b8b2-3ce0bd9aa32f,CUST0000252,DATA,6742860176787,8801113052923,TWR00119,2026-08-28 15:59:24,2026-08-28 15:59:24,0,24.8,N,NORTH
2ace6be8-0cff-4c21-ad41-2c2942d3585f,CUST0000135,VOICE,5223775044806,2448968460412,TWR00009,2026-08-28 16:43:34,2026-08-28 16:52:37,543,0,N,SOUTH
630a135b-fab2-41c6-ae3f-c3a4ebbcd9e1,CUST0000104,SMS,1655427933997,2146169047610,TWR00120,2026-08-28 02:59:08,2026-08-28 02:59:08,0,0,N,SOUTH
12269bc3-9233-4413-8aaf-b04e0c95f9a8,CUST0000104,VOICE,9654419043770,9670503562372,TWR00119,2026-08-28 12:06:29,2026-08-28 12:25:09,1120,0,N,NORTH
996d90bd-4ba9-4e10-973d-0ff62aa9b2c1,CUST0000105,DATA,6456048511990,5632267911178,TWR00011,2026-08-28 05:43:06,2026-08-28 05:43:06,0,301.861,Y,NORTH
b547b860-e3d6-4d3c-8f6e-a586b8d06895,CUST0000113,DATA,1259272916942,2925384187576,TWR00086,2026-08-28 07:52:32,2026-08-28 07:52:32,0,159.56,N,EAST
554362dd-5500-400c-829a-e220a6184278,CUST0000193,VOICE,7657224588366,7983340833783,TWR00070,2026-08-28 06:28:04,2026-08-28 06:50:56,1372,0,N,EAST
651ec865-5591-4edb-aedf-e12518aee1fd,CUST0000026,DATA,1592668668080,9565300022750,TWR00042,2026-08-28 05:55:37,2026-08-28 05:55:37,0,24.845,N,EAST
a40b427b-0b01-406f-87de-02f946cdd7ec,CUST0000262,VOICE,6047092803371,2137472793922,TWR00007,2026-08-28 03:27:17,2026-08-28 03:37:05,588,0,N,SOUTH
13d80380-8b90-4de6-bcd4-78be28fcfc4e,CUST0000129,DATA,8949542762933,9832407281959,TWR00014,2026-08-28 12:30:34,2026-08-28 12:30:34,0,463.914,N,WEST
15756e67-0f78-487a-b1ae-56f5cb49092d,CUST0000263,VOICE,6180980988040,3627244522759,TWR00021,2026-08-28 05:04:00,2026-08-28 05:32:32,1712,0,N,WEST
321d4b01-a4f4-4999-b3d9-fe0dec4c9ef7,CUST0000275,DATA,2673272221553,5016993297451,TWR00034,2026-08-28 03:40:12,2026-08-28 03:40:12,0,260.193,N,SOUTH
2d4a5e8f-e0ec-46d9-bf70-c28ca4f3f59d,CUST0000294,SMS,6516086249513,9660575296647,TWR00101,2026-08-28 23:53:31,2026-08-28 23:53:31,0,0,N,WEST
b95e0925-e434-4d81-98be-919eb132aa4e,CUST0000120,DATA,1813207239191,6550636985167,TWR00070,2026-08-28 07:55:52,2026-08-28 07:55:52,0,122.272,N,SOUTH
51f27083-3ea8-4a10-a3c3-1bce456e056b,CUST0000279,DATA,5599919669760,2364499514370,TWR00044,2026-08-28 10:26:01,2026-08-28 10:26:01,0,115.225,N,NORTH
8f5fc6c9-3cfd-4e66-8b39-fc6205157ad2,CUST0000253,DATA,3424916263177,4422212421973,TWR00082,2026-08-28 18:34:46,2026-08-28 18:34:46,0,214.916,N,NORTH
82f8963e-f08f-42ae-a8c2-a0ee48d37a77,CUST0000233,SMS,9034731751029,8385083327104,TWR00064,2026-08-28 01:25:55,2026-08-28 01:25:55,0,0,N,WEST
30a2e812-b7db-46db-b5e5-8ccdbe60611f,CUST0000266,DATA,3513563431719,6335471543382,TWR00002,2026-08-28 04:55:50,2026-08-28 04:55:50,0,183.178,Y,SOUTH
078b8b70-377c-4033-a167-db03ab747e47,CUST0000044,DATA,4176892206829,5802845718691,TWR00081,2026-08-28 05:11:14,2026-08-28 05:11:14,0,175.303,N,NORTH
6b533aa3-bad0-452d-bf6d-a6f10009cd77,CUST0000202,DATA,6254993145365,3386136746161,TWR00100,2026-08-28 21:23:00,2026-08-28 21:23:00,0,168.19,N,NORTH
442d8294-d6d1-4867-8aa5-5c46dcd0efae,CUST0000136,SMS,0543370736712,4706953121789,TWR00067,2026-08-28 04:46:04,2026-08-28 04:46:04,0,0,N,SOUTH
e3727665-ce8b-4a18-80ae-e4f18bf4eff5,CUST0000038,DATA,0697296720418,2931916787586,TWR00051,2026-08-28 04:20:36,2026-08-28 04:20:36,0,484.489,N,NORTH
7435796e-8723-4eae-804a-c4bb74600261,CUST0000286,SMS,7401925531755,4616143840397,TWR00056,2026-08-28 21:17:15,2026-08-28 21:17:15,0,0,N,EAST
c804706a-7e93-4838-82e7-d20f380c8394,CUST0000280,DATA,6754576909414,5095636038552,TWR00118,2026-08-28 05:08:57,2026-08-28 05:08:57,0,19.856,N,NORTH
94bde5d7-0316-46cf-b453-5bbc9cc1c5b4,CUST0000118,DATA,3132996783435,9919776385869,TWR00077,2026-08-28 17:27:46,2026-08-28 17:27:46,0,358.659,N,EAST
f717eb2a-a129-4800-a4d2-5b4dd858b138,CUST0000067,VOICE,2543763662871,7165359553945,TWR00079,2026-08-28 19:21:54,2026-08-28 19:47:05,1511,0,N,NORTH
d937e60d-a14e-4f0a-8b1d-51a548b7107f,CUST0000044,VOICE,6989582948630,2855417939431,TWR00059,2026-08-28 14:40:34,2026-08-28 14:57:58,1044,0,N,NORTH
0d889d27-b479-4526-9122-c3641485a44a,CUST0000226,VOICE,9142154409676,4285740405277,TWR00052,2026-08-28 05:15:57,2026-08-28 05:34:36,1119,0,N,WEST
442aa641-54a8-47ab-aff9-5c12ec05da55,CUST0000101,SMS,3547663077997,1090651940723,TWR00120,2026-08-28 21:11:01,2026-08-28 21:11:01,0,0,N,EAST
2e570a15-8e64-4f86-83b9-7f5fc8c54d64,CUST0000195,DATA,6150411708292,0925139002950,TWR00081,2026-08-28 19:04:46,2026-08-28 19:04:46,0,332.182,N,WEST
b5f89b6e-827d-43c6-8fd1-8ffb93171873,CUST0000197,SMS,1474729905552,7839049757456,TWR00056,2026-08-28 19:36:58,2026-08-28 19:36:58,0,0,N,SOUTH
2f364d6f-8f9e-4e86-84df-fe7d50d6e9d7,CUST0000067,VOICE,4263333884651,3483082413016,TWR00005,2026-08-28 18:12:31,2026-08-28 18:38:11,1540,0,N,EAST
ab7aa964-96bc-4134-85a0-247895fa4cb1,CUST0000269,VOICE,6449035934177,3430718218216,TWR00102,2026-08-28 20:11:43,2026-08-28 20:33:08,1285,0,N,NORTH
b4bcd292-0159-4868-bc3d-8710a9ac7e7e,CUST0000138,DATA,6392318678110,2388369702579,TWR00047,2026-08-28 21:57:55,2026-08-28 21:57:55,0,378.028,N,EAST
94b86e37-7e04-4520-81d8-e7eb99babbc5,CUST0000234,SMS,3564411935472,3996240238492,TWR00022,2026-08-28 00:43:07,2026-08-28 00:43:07,0,0,N,SOUTH
f34406d0-dd42-40e7-a27e-89f5f40e7651,CUST0000176,DATA,3175914509090,9572869395391,TWR00120,2026-08-28 08:16:11,2026-08-28 08:16:11,0,262.269,N,WEST
357d5224-2997-433a-8bd5-2552665f27f8,CUST0000101,VOICE,6733382765348,2496689923858,TWR00032,2026-08-28 19:18:11,2026-08-28 19:40:03,1312,0,N,SOUTH
6baa4b4f-150b-46c4-9826-f9e53d42dd5f,CUST0000273,DATA,5201015444847,0740518703221,TWR00107,2026-08-28 08:50:25,2026-08-28 08:50:25,0,433.32,N,SOUTH
13bee68e-ab29-4ce9-8c7f-08f3fd5c0519,CUST0000280,DATA,7599025498391,3204103728102,TWR00044,2026-08-28 18:59:06,2026-08-28 18:59:06,0,203.046,N,EAST
574821b2-69ee-49c1-b297-5f605d366f06,CUST0000096,SMS,2957551263700,9633022517666,TWR00062,2026-08-28 10:46:59,2026-08-28 10:46:59,0,0,N,EAST
07f221ce-ff7c-493c-b82d-1d3a3dd79275,CUST0000200,VOICE,1274621334595,9565621929590,TWR00029,2026-08-28 18:10:25,2026-08-28 18:30:36,1211,0,N,SOUTH
e2b0ceb8-61ba-49ef-8bb0-8b346d18c868,CUST0000176,SMS,4147537637825,4858647669557,TWR00029,2026-08-28 21:23:06,2026-08-28 21:23:06,0,0,N,NORTH
3783ad8e-8868-4a57-aaa5-d866b2cbd757,CUST0000287,DATA,0518650679964,1159059256870,TWR00083,2026-08-28 11:23:01,2026-08-28 11:23:01,0,245.326,N,WEST
e7fac105-a0fe-486b-9a15-05d6753302a0,CUST0000287,VOICE,2646979508046,0638285041627,TWR00099,2026-08-28 19:20:48,2026-08-28 19:37:31,1003,0,N,EAST
ffa06898-a426-4f6a-8962-a67b9da61edd,CUST0000115,VOICE,0209225212380,9446276351487,TWR00113,2026-08-28 09:40:39,2026-08-28 09:44:49,250,0,N,NORTH
27d296df-0e32-4cc9-82a5-5eada9e07cef,CUST0000058,DATA,9715129545893,3358499991695,TWR00007,2026-08-28 19:30:10,2026-08-28 19:30:10,0,100.375,N,EAST
cf88f38a-51fb-4248-8ee7-9bc4b179b79a,CUST0000298,VOICE,5952287512090,8174973111496,TWR00027,2026-08-28 01:05:53,2026-08-28 01:18:23,750,0,N,NORTH
d9507c50-89f7-4265-a3fa-de25c4760ee0,CUST0000167,VOICE,3609891050459,1974005975834,TWR00026,2026-08-28 03:20:52,2026-08-28 03:32:08,676,0,N,SOUTH
ac622571-70e7-4f8d-96c7-517afbf9a2fa,CUST0000188,DATA,5942104208418,8654907872550,TWR00061,2026-08-28 06:52:26,2026-08-28 06:52:26,0,364.193,N,NORTH
75f1cd8a-9089-4f12-8f7a-b780d4121af1,CUST0000122,DATA,4151909375770,9606169413512,TWR00006,2026-08-28 14:54:20,2026-08-28 14:54:20,0,9.012,N,SOUTH
4c60778d-b814-44c0-82d8-9dd586ff3e2a,CUST0000056,VOICE,8369559582770,9922691569490,TWR00023,2026-08-28 02:02:49,2026-08-28 02:14:58,729,0,N,NORTH
91587591-7503-41f1-b876-5cef42ac60e3,CUST0000269,SMS,0827610023512,9459691573494,TWR00107,2026-08-28 01:38:46,2026-08-28 01:38:46,0,0,N,WEST
b32d75ca-fec5-4ad1-b055-0a0e9b102ff5,CUST0000004,VOICE,8563375984913,8701881113379,TWR00068,2026-08-28 04:15:54,2026-08-28 04:33:32,1058,0,N,EAST
03607ae2-5666-4084-a7ee-63dd4297fb02,CUST0000206,VOICE,2331432417071,7879633879081,TWR00104,2026-08-28 04:59:21,2026-08-28 05:18:27,1146,0,N,WEST
0181d54b-090b-4cd6-b38d-85feb9192749,CUST0000214,VOICE,2208220448435,9788164957104,TWR00065,2026-08-28 10:55:49,2026-08-28 11:15:49,1200,0,N,WEST
bdd4c244-b3a7-4cb8-a870-ed7ca5788d57,CUST0000276,SMS,5990028422417,1831377434030,TWR00018,2026-08-28 09:55:10,2026-08-28 09:55:10,0,0,N,EAST
5a2ea1d6-fdaa-408d-a9d1-3001752aac62,CUST0000262,VOICE,7925173335813,8220152979685,TWR00070,2026-08-28 23:57:42,2026-08-29 00:07:19,577,0,N,WEST
147bbcc2-eed8-4e28-b5c3-ca15250178d8,CUST0000187,DATA,6211670062082,2407664536292,TWR00108,2026-08-28 10:50:45,2026-08-28 10:50:45,0,307.21,N,SOUTH
1f768b41-06dd-45c4-ab21-a457439ff492,CUST0000156,DATA,3501134496895,9291848994549,TWR00089,2026-08-28 03:05:51,2026-08-28 03:05:51,0,214.626,N,SOUTH
4f645cb0-bc5a-4883-8236-fea5865e2cfe,CUST0000004,DATA,9725472047442,7563949046514,TWR00040,2026-08-28 01:09:51,2026-08-28 01:09:51,0,186.879,N,SOUTH
38710dd2-de62-44fc-ac63-7d105ad704b7,CUST0000038,DATA,4465748145252,4650893043178,TWR00106,2026-08-28 04:41:56,2026-08-28 04:41:56,0,441.659,N,EAST
1536b270-33a8-45a1-9125-ad93dc06a284,CUST0000163,VOICE,2139136997548,9377727154224,TWR00005,2026-08-28 00:20:21,2026-08-28 00:36:50,989,0,N,WEST
b0920242-e9d3-46ff-aa2a-1b7c4da5371b,CUST0000285,DATA,2503834124722,7207419753700,TWR00039,2026-08-28 21:06:18,2026-08-28 21:06:18,0,142.897,N,WEST
30d87976-4a81-4c98-9e12-85611e1e22a5,CUST0000198,SMS,3239988773352,0858375582632,TWR00064,2026-08-28 22:31:09,2026-08-28 22:31:09,0,0,N,SOUTH
c678770f-da93-4b7e-be65-cd89f7140ede,CUST0000217,SMS,8945108858998,8119942817834,TWR00093,2026-08-28 20:50:28,2026-08-28 20:50:28,0,0,N,WEST
8d7b2b2c-aa50-4de5-b4a5-89ff104cdf8f,CUST0000077,DATA,0643395534334,1972040932424,TWR00066,2026-08-28 04:23:54,2026-08-28 04:23:54,0,492.41,N,EAST
a2aa9fa9-c5ea-4036-b4b3-e1da358a4077,CUST0000148,VOICE,0091731633243,8724478390712,TWR00105,2026-08-28 02:33:13,2026-08-28 03:00:47,1654,0,N,NORTH
5f5bc4cc-4acb-40e8-9018-4141b8c46ad5,CUST0000069,VOICE,2579896910241,7244952076991,TWR00019,2026-08-28 02:08:12,2026-08-28 02:28:59,1247,0,N,NORTH
277d72e2-eeb8-421e-a420-2be332be8e99,CUST0000157,DATA,2831197789516,5018005440277,TWR00002,2026-08-28 01:24:47,2026-08-28 01:24:47,0,442.856,N,WEST
f99b58ec-2dc6-419d-92f7-511621f845d0,CUST0000135,SMS,0123162575100,3668574397384,TWR00060,2026-08-28 06:45:35,2026-08-28 06:45:35,0,0,N,SOUTH
82d24a69-a917-45e0-a1cb-3ae7cb82ef98,CUST0000242,SMS,1845816302129,8236372511298,TWR00059,2026-08-28 22:05:42,2026-08-28 22:05:42,0,0,N,SOUTH
631d6b5f-8a6e-4b61-8370-7ecb885c48c7,CUST0000180,SMS,3102623705067,8252292546547,TWR00047,2026-08-28 10:16:47,2026-08-28 10:16:47,0,0,N,EAST
c1feebb7-8b83-4f64-a83c-4fcdedeea96d,CUST0000248,VOICE,3169145590365,5423724667622,TWR00042,2026-08-28 04:55:36,2026-08-28 04:56:47,71,0,N,NORTH
20325f5d-c215-466b-bfd6-83ae05958b1e,CUST0000262,DATA,7617479045522,2059642549780,TWR00049,2026-08-28 21:47:29,2026-08-28 21:47:29,0,449.926,N,NORTH
bb0e7b7d-6ce9-46e9-bfe1-e1ead78f5795,CUST0000201,VOICE,4371960348973,1601565399521,TWR00083,2026-08-28 05:45:28,2026-08-28 05:49:40,252,0,N,NORTH
64ad9c85-31fd-4e77-a398-877cb699de82,CUST0000235,DATA,5424015043790,8088358558364,TWR00092,2026-08-28 06:28:50,2026-08-28 06:28:50,0,364.423,N,SOUTH
5a60d072-55b6-4b99-a5f1-d6f98cb44622,CUST0000015,VOICE,4875979974254,9043682756849,TWR00117,2026-08-28 05:09:36,2026-08-28 05:29:01,1165,0,N,WEST
e6ca4cdf-1c04-4a20-94ea-2bf25fc05434,CUST0000088,DATA,8507867253081,8086789451193,TWR00042,2026-08-28 23:27:51,2026-08-28 23:27:51,0,328.966,N,EAST
f04ffd0b-f0fd-4dbe-a19a-46ffb2734b84,CUST0000121,SMS,4671999275237,0029596351875,TWR00022,2026-08-28 04:15:57,2026-08-28 04:15:57,0,0,N,EAST
73025e15-841d-43eb-af2e-17689b718c8d,CUST0000126,DATA,0532093613014,6419729410367,TWR00072,2026-08-28 17:13:20,2026-08-28 17:13:20,0,469.908,N,NORTH
e85a03cb-dfa9-407f-b5f3-f9104070f5c0,CUST0000251,DATA,8069328940117,3037097184679,TWR00113,2026-08-28 14:47:47,2026-08-28 14:47:47,0,247.058,N,WEST
a5b67ee4-937f-4765-a5b6-0e42ff82002b,CUST0000149,VOICE,8773731692759,7460100697740,TWR00111,2026-08-28 00:36:21,2026-08-28 00:45:20,539,0,N,WEST
1921f2a1-9e4e-4c65-a952-f8181d34bd24,CUST0000060,VOICE,9701832566180,1085370070010,TWR00111,2026-08-28 14:38:52,2026-08-28 15:07:53,1741,0,N,NORTH
96bb8db0-cf96-4bc3-b213-b5354fd1359f,CUST0000096,SMS,2212683905101,8169349106769,TWR00008,2026-08-28 14:04:10,2026-08-28 14:04:10,0,0,N,WEST
2c2d3a40-501b-427a-9b42-31aa88075c73,CUST0000270,DATA,1014941163282,5196429586167,TWR00063,2026-08-28 23:07:13,2026-08-28 23:07:13,0,354.251,N,SOUTH
cdb203dc-cc11-4dd7-b85c-bcf95a358bc8,CUST0000297,DATA,1170254496550,4218254805759,TWR00020,2026-08-28 16:15:08,2026-08-28 16:15:08,0,15.011,N,NORTH
6b43a200-19a8-4349-9166-e0c84847fdcd,CUST0000069,DATA,0242426335231,5487713202061,TWR00093,2026-08-28 12:46:50,2026-08-28 12:46:50,0,431.626,N,SOUTH
79175298-5f37-4839-bcf7-a094847ca54b,CUST0000020,DATA,9203186767448,2878073900496,TWR00063,2026-08-28 08:48:35,2026-08-28 08:48:35,0,303.683,N,WEST
74f27201-1649-4892-b32c-87c19389ce1c,CUST0000266,SMS,0966676296029,4991047164954,TWR00088,2026-08-28 18:28:22,2026-08-28 18:28:22,0,0,N,EAST
e53333a0-7595-4ac0-90f2-eb4d22e46074,CUST0000264,SMS,8446577137153,2789328732276,TWR00051,2026-08-28 07:40:34,2026-08-28 07:40:34,0,0,N,NORTH
b4bfb8e8-5bca-4f37-a212-bd2bae1146d3,CUST0000104,VOICE,5484274946454,3002143665945,TWR00083,2026-08-28 09:15:59,2026-08-28 09:29:18,799,0,N,EAST
546688d4-e3f2-49d4-a2d1-6ad41756c246,CUST0000057,SMS,8823234533566,2896575492039,TWR00021,2026-08-28 11:53:55,2026-08-28 11:53:55,0,0,N,NORTH
f74255e1-cd08-4160-ac7e-1dcaa5025e37,CUST0000012,DATA,1337619157701,1115816231539,TWR00100,2026-08-28 20:36:10,2026-08-28 20:36:10,0,463.504,N,EAST
a6b7e6ce-6521-4b49-b980-be2a7684c609,CUST0000013,VOICE,2811587650916,9750579215109,TWR00112,2026-08-28 06:30:17,2026-08-28 06:52:40,1343,0,N,SOUTH
f3c3f140-9356-4a14-b64f-e2ebe6e74756,CUST0000030,DATA,0094430027732,6569427638082,TWR00074,2026-08-28 06:58:00,2026-08-28 06:58:00,0,208.377,N,SOUTH
d3453f67-a0f2-487c-9776-7aade3cf92fe,CUST0000256,VOICE,3267631143107,3987141426429,TWR00082,2026-08-28 03:09:25,2026-08-28 03:11:09,104,0,N,SOUTH
fb73a503-97df-4255-a4f7-32db1daf25b9,CUST0000060,VOICE,0646143838167,2895405847438,TWR00059,2026-08-28 03:55:43,2026-08-28 04:19:42,1439,0,N,SOUTH
1bfa7d81-2017-4216-8dcf-b3af7727e469,CUST0000028,VOICE,7528972459798,2455404210014,TWR00015,2026-08-28 23:43:05,2026-08-28 23:47:07,242,0,N,NORTH
511921ea-2121-4da7-8936-29fabfe3df47,CUST0000067,DATA,1177854539057,6269233953002,TWR00093,2026-08-28 01:07:39,2026-08-28 01:07:39,0,16.927,N,EAST
01150a0b-2119-4715-8f1a-534bb671b203,CUST0000271,DATA,5395256377312,2458701311175,TWR00080,2026-08-28 07:12:59,2026-08-28 07:12:59,0,373.64,N,EAST
f9535dc6-bb7a-43d3-b002-a7ea8a3083f5,CUST0000293,VOICE,7335836249215,5694438787171,TWR00002,2026-08-28 12:21:13,2026-08-28 12:39:36,1103,0,N,WEST
18575793-a796-433d-b796-a4c1bb0dc3f1,CUST0000155,DATA,5935891054825,2739643316120,TWR00101,2026-08-28 03:09:48,2026-08-28 03:09:48,0,141.74,N,EAST
9176e66d-ee72-472a-8dad-1959f86c5239,CUST0000012,DATA,8687842775153,7209750669912,TWR00068,2026-08-28 21:25:40,2026-08-28 21:25:40,0,71.165,N,NORTH
dd858fd0-5371-493c-896d-0aa5ab8f1fad,CUST0000296,DATA,6859441649331,1568540262180,TWR00037,2026-08-28 04:09:38,2026-08-28 04:09:38,0,188.413,Y,SOUTH
82bb4f85-2998-43b3-9128-448376ba4951,CUST0000188,DATA,0363235185229,6561307398714,TWR00108,2026-08-28 11:46:24,2026-08-28 11:46:24,0,395.697,N,NORTH
a02af1fb-58e2-4ca9-b167-b9589ad3cc1d,CUST0000110,DATA,5443007457774,4651831633253,TWR00017,2026-08-28 18:38:22,2026-08-28 18:38:22,0,389.83,N,NORTH
bfd1c61b-3523-459e-b9db-5ca294281d9d,CUST0000050,VOICE,6305757866070,5076660695085,TWR00025,2026-08-28 14:07:09,2026-08-28 14:16:38,569,0,N,EAST
c045e140-9a39-4c98-a199-2156c4c550f9,CUST0000282,VOICE,6106896553264,4141240439684,TWR00119,2026-08-28 11:24:19,2026-08-28 11:50:25,1566,0,N,NORTH
09304206-7977-439f-b5c2-3c8253764083,CUST0000133,DATA,5960001820871,3881939271918,TWR00004,2026-08-28 23:49:09,2026-08-28 23:49:09,0,71.282,N,NORTH
25fcb288-f82b-49b3-942d-67e7b8e3e7b5,CUST0000217,VOICE,8198792165018,7576018086752,TWR00072,2026-08-28 19:10:30,2026-08-28 19:18:27,477,0,N,NORTH
b6f67a9e-730a-43bd-96be-0310960e65c8,CUST0000086,SMS,6249152893281,6517731319749,TWR00093,2026-08-28 01:28:46,2026-08-28 01:28:46,0,0,N,WEST
094ee134-f400-434f-8c59-8d940e6030ef,CUST0000219,DATA,1352762559376,1182566516391,TWR00017,2026-08-28 00:26:14,2026-08-28 00:26:14,0,64.115,N,NORTH
7b963399-758e-41d6-8faa-24bc08486ba3,CUST0000176,VOICE,2715483628134,3503346074968,TWR00081,2026-08-28 05:52:56,2026-08-28 06:16:22,1406,0,N,SOUTH
8b3aae50-9f20-4fa7-9eca-20a9c44f06bd,CUST0000147,VOICE,5744654482187,9821255887740,TWR00047,2026-08-28 01:07:01,2026-08-28 01:28:07,1266,0,N,WEST
91ffa34d-76b3-4e40-b2d2-2fcffcdb4308,CUST0000255,SMS,0315134650865,9963874477134,TWR00055,2026-08-28 20:28:23,2026-08-28 20:28:23,0,0,N,EAST
c1255e69-a385-425f-828d-1bf8446c0db4,CUST0000034,SMS,2538341065729,6656206703933,TWR00045,2026-08-28 18:43:49,2026-08-28 18:43:49,0,0,N,WEST
d34fe5a7-aa75-492e-9efe-38b952ff38a1,CUST0000089,DATA,7774410843971,8200340935827,TWR00014,2026-08-28 08:30:53,2026-08-28 08:30:53,0,69.293,N,WEST
2d356acc-bfa8-4223-8fc0-2391beab43b6,CUST0000223,VOICE,7320310666465,8478879788845,TWR00016,2026-08-28 01:35:03,2026-08-28 02:01:23,1580,0,N,NORTH
ff092a71-37d6-4885-966a-1b0af8aa87d9,CUST0000020,VOICE,9579711491794,1906923951083,TWR00030,2026-08-28 23:50:26,2026-08-29 00:09:25,1139,0,N,WEST
f3bdac7d-383e-4087-ad97-4b604ce2a5f2,CUST0000142,DATA,7866868998420,3265030524114,TWR00055,2026-08-28 02:31:10,2026-08-28 02:31:10,0,258.624,N,NORTH
3cdaca75-b127-4917-8c82-09cd0f6f6021,CUST0000188,SMS,0765133529495,6039610849297,TWR00112,2026-08-28 04:37:01,2026-08-28 04:37:01,0,0,N,EAST
86ceba9e-3265-414c-9ac2-451fda275884,CUST0000032,SMS,4538687612976,6213545614315,TWR00053,2026-08-28 06:32:02,2026-08-28 06:32:02,0,0,N,SOUTH
eaa62e5b-380e-4fa5-8321-6ffa34c2ab17,CUST0000028,SMS,8348995312008,9040024170364,TWR00007,2026-08-28 07:21:05,2026-08-28 07:21:05,0,0,N,EAST
b6916d5d-ccbf-46b6-a05c-a0eee4cc2f9b,CUST0000185,DATA,3733134241471,6217794292101,TWR00026,2026-08-28 08:31:19,2026-08-28 08:31:19,0,400.712,N,SOUTH
732e7b8c-b742-46a6-ad03-e7bb73a0d873,CUST0000013,VOICE,2748215175079,3132404961965,TWR00111,2026-08-28 13:11:22,2026-08-28 13:29:35,1093,0,N,EAST
172fe34d-4725-47dd-be33-af6eb8e8c1ba,CUST0000229,SMS,9662714570658,8623785771712,TWR00064,2026-08-28 13:38:16,2026-08-28 13:38:16,0,0,Y,NORTH
ac354c76-1661-4fb0-8264-e5584dab5115,CUST0000288,VOICE,9993917670700,2796244527843,TWR00100,2026-08-28 06:42:51,2026-08-28 07:12:42,1791,0,N,WEST
ac7e016f-1a54-4668-92a3-7358ba336a53,CUST0000081,DATA,0398780646594,8684987493203,TWR00108,2026-08-28 14:59:16,2026-08-28 14:59:16,0,219.3,N,SOUTH
f86f03a7-0275-4b9f-bb6d-e33e7236f789,CUST0000041,SMS,2686870375578,4576530924643,TWR00107,2026-08-28 02:33:15,2026-08-28 02:33:15,0,0,N,WEST
6c54a113-861c-4d82-9c7d-b395092ce476,CUST0000010,VOICE,8132225750412,6643509455731,TWR00013,2026-08-28 08:25:26,2026-08-28 08:40:02,876,0,N,EAST
d995b417-6301-4ee0-ae4f-e756652765de,CUST0000013,DATA,9266224776038,8071002458864,TWR00076,2026-08-28 03:03:28,2026-08-28 03:03:28,0,243.341,N,EAST
ef89e1c4-fd70-4936-94ff-ebbef58ef86f,CUST0000020,VOICE,7939969793393,8338768838689,TWR00070,2026-08-28 20:16:37,2026-08-28 20:24:45,488,0,N,NORTH
71b3967f-a174-46ae-848a-e4bc2177ff79,CUST0000289,DATA,5817386816522,5079937873521,TWR00035,2026-08-28 22:40:44,2026-08-28 22:40:44,0,287.51,N,NORTH
01447582-04ca-407a-a1c7-559bfd376837,CUST0000163,DATA,6849603342995,8672266281076,TWR00078,2026-08-28 01:16:39,2026-08-28 01:16:39,0,251.416,N,EAST
cb1c02e4-d5d6-4358-aacb-0083ea47dd10,CUST0000255,DATA,7786739718190,9746899330537,TWR00068,2026-08-28 12:50:38,2026-08-28 12:50:38,0,494.859,N,NORTH
e8ca5fe3-323e-4f81-804c-7db677bcbdcb,CUST0000102,SMS,0624261033248,7365188491986,TWR00105,2026-08-28 14:43:07,2026-08-28 14:43:07,0,0,N,EAST
3d393f5c-660d-4ec5-8169-43d50575c829,CUST0000053,SMS,1329406357247,3985726850072,TWR00028,2026-08-28 12:06:09,2026-08-28 12:06:09,0,0,N,NORTH
7f97d9d8-52d6-4a8e-aba5-35f2017467a7,CUST0000249,SMS,3858009998669,4505149048735,TWR00107,2026-08-28 08:15:14,2026-08-28 08:15:14,0,0,N,EAST
4a4cb89d-7ce2-4d32-8ba4-ad9759ce8e6e,CUST0000224,VOICE,5434536499610,7997722226461,TWR00076,2026-08-28 23:44:32,2026-08-29 00:07:28,1376,0,N,NORTH
0d34b094-e48b-4da0-b422-efda51f3692d,CUST0000229,DATA,3300270275076,6938051453869,TWR00117,2026-08-28 02:45:52,2026-08-28 02:45:52,0,132.793,N,SOUTH
40b0b765-9586-49a8-8a10-113ff63227e6,CUST0000014,VOICE,1681207500069,5585939224455,TWR00116,2026-08-28 01:32:29,2026-08-28 02:00:32,1683,0,N,SOUTH
2c538522-8be7-4eef-8cd6-4dabe4a9c803,CUST0000055,VOICE,5232214894413,1769933038156,TWR00086,2026-08-28 01:53:10,2026-08-28 02:15:48,1358,0,N,EAST
3bb3e7a7-6f9b-4884-83f4-2645198be145,CUST0000049,DATA,9070569510636,1287408117306,TWR00031,2026-08-28 17:51:05,2026-08-28 17:51:05,0,185.319,N,WEST
226bafdd-f287-45e6-8d8d-478ff71e6a2e,CUST0000076,DATA,8214528789999,2893028405218,TWR00094,2026-08-28 02:28:01,2026-08-28 02:28:01,0,418.304,N,EAST
63e8c030-5583-43c8-91a4-2af50e0e0368,CUST0000261,VOICE,0560831912604,8965498184409,TWR00115,2026-08-28 02:34:59,2026-08-28 02:48:41,822,0,N,SOUTH
49010099-6370-4421-8e3b-c1138933c04a,CUST0000083,DATA,8654719270548,4870566230056,TWR00046,2026-08-28 14:56:56,2026-08-28 14:56:56,0,261.451,N,SOUTH
85fcfdb5-63fe-40bb-991f-38e88030639f,CUST0000293,DATA,9446150123506,5660505908557,TWR00120,2026-08-28 16:23:28,2026-08-28 16:23:28,0,6.755,N,NORTH
7e33f574-5e25-4110-b7d4-9271579a1e96,CUST0000133,SMS,5789379391947,3729903521960,TWR00061,2026-08-28 13:30:20,2026-08-28 13:30:20,0,0,N,SOUTH
daa08f27-03a7-4e01-bd9e-b5b53a00e5ed,CUST0000097,SMS,0276471424321,1902662377381,TWR00052,2026-08-28 02:19:38,2026-08-28 02:19:38,0,0,N,NORTH
